practices,social,study vs product,system perception,system use,value judgements
1935,220,1047,1036,5034,641
eat (61),delivery (14),bread (24),system (19),time (169),bread (26)
time (37),delivered (13),because (22),order (16),see (139),order (24)
bread (35),bread (11),scales (18),trust (14),system (118),system (22)
food (34),time (10),work (17),delivery (13),said (112),delivery (15)
pasta (33),pasta (9),price (17),good (13),need (102),good (14)
because (31),say (9),way (16),point (13),order (101),need (14)
buy (30),concierge (9),make (14),need (11),want (91),time (14)
see (29),felt (8),obviously (14),time (11),say (88),quite (13)
delivery (27),fine (8),need (14),thought (11),remember (85),said (13)
say (25),home (7),pasta (14),change (11),because (83),delivered (12)
supermarket (25),people (7),want (14),two (10),quite (83),say (12)
lot (24),coffee (7),system (14),quite (10),right (80),point (12)
system (21),times (6),also (13),say (10),text (78),thought (11)
quite (21),usually (6),say (13),people (10),bread (78),because (10)
right (20),door (6),remember (13),sure (9),fine (77),obviously (10)
good (20),friends (6),stuff (12),price (9),delivery (76),way (9)
eggs (20),different (6),food (12),anything (8),thought (76),deliver (9)
people (20),good (6),time (12),right (8),went (72),buy (9)
make (19),getting (5),items (11),eggs (8),unclear (67),fine (9)
need (19),way (5),interesting (11),bread (8),wanted (64),coming (8)
way (19),food (5),scale (10),biscuits (8),times (62),days (8)
tomatoes (18),quite (5),different (10),data (8),two (61),times (8)
day (18),knew (5),unclear (10),weight (7),good (61),email (8)
use (18),children (5),see (10),wanted (7),first (61),happen (8)
stuff (18),we (5),quite (10),changed (7),stuff (59),stuff (7)
us (18),come (5),days (9),supermarket (7),interesting (58),work (7)
also (18),morning (5),eat (9),fine (7),way (55),left (7)
want (16),parcel (5),run (9),product (7),anything (54),oats (7)
shopping (16),onions (5),two (9),put (7),change (54),pasta (6)
anything (15),addison (4),delivery (9),remember (7),work (53),worked (6)
change (15),using (4),change (9),way (7),also (53),day (6)
home (15),lee (4),lot (8),said (7),mentioned (51),couple (6)
order (15),made (4),little (8),different (7),obviously (51),went (6)
unclear (14),want (4),able (8),interesting (7),day (51),orders (6)
work (14),day (4),sort (8),days (6),use (51),manual (6)
consumption (14),someone (4),good (8),obviously (6),last (51),happened (6)
usually (14),involved (4),suppose (8),low (6),email (50),mentioned (5)
different (14),email (4),type (8),never (6),question (49),two (5)
sort (14),milk (4),coming (7),come (6),sure (48),wanted (5)
we (14),run (4),order (7),because (6),even (47),full (5)
come (13),study (4),unless (7),ordered (6),look (46),eggs (5)
coming (13),first (4),anyway (7),unclear (6),point (46),fact (5)
theyre (12),life (4),times (7),whats (6),pasta (45),environment (5)
days (12),daily (4),point (7),wheat (6),getting (45),also (5)
house (12),make (4),thinking (7),saying (5),days (42),scale (5)
potatoes (12),might (4),around (6),pretty (5),worked (42),cancelled (5)
made (12),thought (4),whether (6),make (5),never (42),monday (5)
times (12),tell (4),whole (6),based (5),make (42),right (5)
might (12),wait (4),trying (6),set (5),website (42),change (5)
fact (12),expensive (3),said (6),run (5),knew (41),website (5)
next (12),tomatoes (3),couple (6),deliver (5),three (41),triggered (5)
eating (11),work (3),day (6),quality (5),little (40),anything (5)
ate (11),trying (3),products (6),in (5),different (40),nuts (5)
today (11),wants (3),vegetables (6),first (5),check (39),information (5)
obviously (11),gets (3),shop (6),now (5),saying (39),study (4)
buying (11),vegetables (3),course (6),items (4),ordered (39),tomatoes (4)
local (11),because (3),eggs (6),certain (4),message (38),little (4)
deliver (11),just (3),next (6),automatically (4),put (38),changed (4)
point (11),everything (3),first (6),whether (4),already (38),arrive (4)
take (11),courier (3),take (6),stuff (4),delivered (37),eat (4)
worked (11),said (3),look (6),useful (4),back (37),everything (4)
cook (11),especially (3),shopping (6),cool (4),sort (37),came (4)
delivered (11),remember (3),packaging (6),lot (4),tell (37),option (4)
little (10),telling (3),shelf (5),guy (4),orders (37),people (4)
four (10),see (3),definitely (5),comes (4),coming (36),processed (4)
bought (10),werent (3),better (5),everything (4),buy (35),amazon (4)
less (10),interesting (3),sense (5),food (4),weeks (35),working (4)
someone (10),box (3),paying (5),person (4),looked (35),god (4)
fresh (10),order (3),real (5),message (4),that (34),getting (4)
deliveries (10),saying (3),bag (5),deliveries (4),changed (34),run (4)
vegetables (10),pretty (3),study (5),sense (4),eat (34),terms (4)
tend (10),deliver (3),right (5),terms (4),home (34),lemons (4)
example (10),whatever (3),local (5),times (4),might (34),first (4)
even (10),two (3),ordering (5),enjoyed (4),end (34),experience (4)
put (10),put (3),box (5),whatever (4),running (34),trying (4)
especially (10),anything (3),worked (5),happened (4),sorry (34),already (4)
fruit (10),need (3),bigger (5),want (4),thinking (33),ordered (4)
oil (10),mates (3),bowl (5),working (4),we (33),gave (4)
remember (9),explained (3),they (5),scales (4),not (33),low (4)
healthy (9),beans (3),set (5),trigger (4),four (32),liked (4)
never (9),last (3),shops (5),took (4),lot (32),many (4)
changed (9),healthy (3),never (5),went (4),left (32),another (4)
shop (9),indulgence (3),buy (5),weve (4),else (31),saying (4)
fine (9),items (2),loaf (5),list (4),eggs (31),properly (4)
big (9),guilty (2),saying (5),nice (4),ask (31),nice (4)
freeze (9),drivers (2),used (5),box (4),set (31),automatically (4)
sometimes (9),driver (2),bags (5),connected (4),rice (31),amount (4)
nice (9),bag (2),use (5),timeout (4),curious (31),sort (4)
run (9),packet (2),small (5),which (3),weight (30),porridge (4)
overtalking (9),embarrassed (2),back (5),criteria (3),scale (30),driver (3)
thought (9),worked (2),sure (4),couple (3),made (30),felt (3)
normally (9),hes (2),trial (4),cheapest (3),sometimes (30),made (3)
anyway (9),item (2),still (4),arrive (3),let (30),ordering (3)
waste (9),ordering (2),idea (4),knew (3),come (30),want (3)
nuts (9),main (2),cool (4),part (3),food (30),main (3)
week (9),weekend (2),five (4),door (3),pretty (30),that (3)
meal (9),flatmate (2),already (4),seemed (3),every (30),crazy (3)
coffee (9),us (2),easy (4),definitely (3),long (30),guy (3)
noticed (9),even (2),week (4),coming (3),study (29),reorder (3)
cookies (9),messages (2),home (4),automatic (3),us (29),feel (3)
sure (8),communication (2),getting (4),ingredient (3),happened (29),started (3)
every (8),coming (2),came (4),someone (3),able (29),buying (3)
veg (8),happened (2),free (4),house (3),run (29),new (3)
amount (8),neighbour (2),question (4),eat (3),came (29),problem (3)
certain (8),accept (2),another (4),convenient (3),nice (28),number (3)
bag (8),never (2),of (4),werent (3),still (28),instead (3)
couple (8),ate (2),everything (4),look (3),messages (28),mum (3)
said (8),far (2),today (4),mentioned (3),sense (28),list (3)
used (8),lot (2),fruit (4),kids (3),whatever (28),purpose (3)
easy (7),shop (2),thursday (4),see (3),cool (27),interesting (3)
two (7),came (2),convenience (4),problem (3),wait (27),choose (3)
lazy (7),humans (2),without (4),day (3),overtalking (27),example (3)
getting (7),late (2),slightly (4),completely (3),people (27),amazing (3)
enough (7),pissed (2),done (4),automated (3),saw (27),wait (3)
often (7),delivering (2),world (4),otherwise (3),needed (27),deliveries (3)
five (7),robot (2),might (4),lemons (3),items (26),anyway (3)
weekly (7),guy (2),loads (4),tangerines (3),ordering (26),door (3)
year (7),traffic (2),breads (4),give (3),another (26),give (3)
whats (7),problems (2),milk (4),thinking (3),next (26),chose (3)
sense (7),useful (2),find (4),contacted (3),phone (26),bought (3)
end (7),finished (2),depot (4),else (3),couple (25),take (3)
tesco (7),housemates (2),rather (4),work (3),problem (25),thinking (3)
went (7),offered (2),oranges (4),end (3),using (25),product (3)
amazon (7),diets (2),based (4),name (3),enough (24),rather (3)
give (7),explain (2),new (4),occurred (3),trying (24),texts (3)
plan (7),little (2),looking (4),connection (3),fact (24),doesnt (3)
first (7),message (2),tell (4),that (3),find (24),quality (3)
spaghetti (7),future (2),changed (4),chose (3),used (24),pretty (3)
rice (7),show (2),paper (4),app (3),whether (23),overall (3)
items (6),week (2),tuesday (4),send (3),feel (23),sent (3)
making (6),used (2),particularly (4),future (3),scales (23),checked (3)
try (6),bin (2),part (4),ordering (3),week (23),lot (3)
mind (6),notice (2),minutes (4),havent (3),send (23),items (3)
whatever (6),part (2),four (4),ones (3),for (23),better (3)
almost (6),technology (2),experience (4),nuts (3),shopping (23),let (3)
person (6),decades (2),werent (4),apart (3),whats (23),idea (3)
type (6),weight (2),come (4),smooth (3),theyre (22),empty (3)
crazy (6),reasons (2),try (4),options (3),idea (22),meant (3)
else (6),keen (2),longer (3),inaudible (3),today (22),last (3)
knew (6),overtalking (2),larger (3),usually (3),everything (22),top (3)
shops (6),found (2),sign (3),email (3),app (22),end (3)
price (6),scales (2),useful (3),satisfied (3),type (21),sending (3)
markets (6),inaudible (2),quantities (3),fact (3),try (21),kept (3)
came (6),half (2),last (3),check (3),trigger (21),cancelling (3)
kids (6),particular (2),comes (3),happen (3),looking (21),looked (3)
routine (6),in (2),using (3),orders (3),manual (21),bag (3)
basically (6),expecting (2),guys (3),control (3),usually (20),night (3)
feel (6),unclear (2),went (3),engaged (3),terms (20),thursday (3)
loads (6),note (2),else (3),longer (3),done (20),now (3)
front (6),obvious (2),reordered (3),also (3),price (20),nothing (3)
interesting (6),lots (2),automatically (3),us (3),noticed (20),confirmation (3)
whereas (6),possibly (2),product (3),router (3),around (19),expected (3)
place (6),around (2),made (3),whole (3),information (19),generally (3)
saying (6),look (2),whatever (3),jar (3),lets (19),we (3)
lets (6),busy (2),markets (3),information (3),cancel (19),longer (3)
box (6),whats (2),nice (3),view (3),suppose (19),three (3)
lemons (6),happens (2),every (3),chosen (2),somebody (19),level (3)
makes (6),harder (2),almost (3),depending (2),oil (19),satisfied (3)
whole (6),oils (2),expensive (3),quickest (2),take (19),trigger (3)
whether (6),exactly (2),yesterday (3),friendly (2),nuts (19),whats (3)
tacos (6),plans (2),big (3),environmentally (2),give (19),needed (3)
penne (6),red (2),month (3),reordered (2),wrong (18),oil (3)
when (6),flat (2),liked (3),involvement (2),gone (18),took (3)
hard (5),open (2),best (3),open (2),reason (18),onion (3)
weeks (5),hard (2),example (3),intervened (2),supermarket (18),sense (3)
trying (5),guilt (2),overtalking (3),trusted (2),totally (18),use (3)
definitely (5),silly (2),deliver (3),waitrose (2),number (18),part (3)
waitrose (5),type (2),ate (3),eating (2),definitely (18),make (3)
comes (5),feel (2),heavy (3),groceries (2),emails (18),saw (3)
involved (5),also (2),inconvenient (3),humans (2),option (18),see (3)
depends (5),ways (2),courier (3),just (2),weve (18),interface (3)
cooking (5),amazing (2),delivered (3),late (2),anyway (18),jar (3)
extra (5),tend (2),someone (3),pissed (2),checked (18),helpful (3)
still (5),end (2),that (3),delivering (2),data (18),packet (2)
season (5),daniel (2),life (3),robot (2),low (17),embarrassed (2)
away (5),second (2),ideal (3),traffic (2),away (17),taking (2)
live (5),went (2),sometimes (3),delivers (2),happen (17),hes (2)
huge (5),monday (2),feel (3),for (2),liked (17),item (2)
family (5),sunday (2),away (3),breakfast (2),instead (17),sometimes (2)
terms (5),pot (2),side (3),fresh (2),imagine (17),punnet (2)
consuming (5),sort (2),people (3),bought (2),tomatoes (16),quantities (2)
without (5),point (2),information (3),crazy (2),new (16),halfway (2)
minutes (5),issues (2),gave (3),products (2),big (16),seemed (2)
instead (5),checked (2),wanted (3),happy (2),twice (16),bad (2)
normal (5),received (2),couldnt (3),lets (2),exactly (16),theyre (2)
scales (5),send (2),wait (3),told (2),just (16),ones (2)
door (5),dates (2),visually (3),needs (2),weird (16),unclear (2)
wanted (5),ashamed (1),weve (3),three (2),person (16),hours (2)
money (5),wherever (1),us (3),theyll (2),texts (16),long (2)
which (5),taking (1),orders (3),buy (2),thank (16),means (2)
thinking (5),bringing (1),pay (3),regular (2),later (15),find (2)
told (5),neighbours (1),running (3),meals (2),felt (15),least (2)
mentioned (5),sometimes (1),prices (3),plan (2),crazy (15),options (2)
three (5),ecofriendly (1),walk (3),next (2),deliver (15),period (2)
meals (5),concern (1),website (3),course (2),bought (15),someone (2)
problem (5),that (1),city (3),online (2),received (15),house (2)
online (5),except (1),society (3),scale (2),door (15),future (2)
better (5),seeing (1),live (3),processed (2),someone (15),drive (2)
idea (5),paris (1),text (3),runs (2),important (15),element (2)
busy (5),guys (1),plan (3),rather (2),example (15),wholl (2)
pick (5),away (1),notice (3),delivered (2),though (15),christmas (2)
already (5),overseas (1),anything (3),getting (2),deliveries (15),short (2)
suppose (5),contact (1),six (3),doesnt (2),help (15),reason (2)
regularly (5),neither (1),even (3),clementines (2),without (15),promotional (2)
found (5),whichever (1),we (3),overall (2),g (15),ten (2)
cereals (5),problem (1),kids (3),except (2),manually (15),late (2)
biscuits (5),building (1),thought (3),half (2),computer (15),showed (2)
ordering (5),which (1),stock (3),sent (2),control (15),cold (2)
notice (5),goes (1),manual (3),picked (2),reordered (14),almost (2)
walk (5),housemate (1),suggest (3),arrived (2),telling (14),making (2)
tell (5),passes (1),experiment (3),assume (2),ones (14),moment (2)
roast (5),nice (1),neighbourhood (3),anyway (2),inaudible (14),basically (2)
sweet (5),he (1),individual (3),bag (2),was (14),remember (2)
month (4),every (1),perishable (2),must (2),part (14),based (2)
gone (4),markets (1),weight (2),sending (2),open (14),automated (2)
wait (4),almost (1),head (2),signal (2),add (14),six (2)
snack (4),start (1),cupboard (2),talk (2),checking (14),emails (2)
whenever (4),promised (1),dry (2),lose (2),basically (14),sure (2)
supermarkets (4),buying (1),doesnt (2),nothing (2),this (14),otherwise (2)
cupboard (4),organic (1),eating (2),relationship (2),told (14),annoying (2)
figure (4),currently (1),groceries (2),fruit (2),box (14),often (2)
look (4),local (1),punnet (2),breach (2),rather (14),completely (2)
ingredients (4),yesterday (1),tomatoes (2),relevant (2),bowl (14),clementines (2)
moment (4),spinach (1),driver (2),resarcher (2),either (14),received (2)
countryside (4),big (1),tiny (2),job (2),tried (14),on (2)
expensive (4),argue (1),concern (2),cancel (2),many (14),four (2)
spend (4),texts (1),kitchen (2),sends (2),online (14),past (2)
find (4),understand (1),environment (2),arrives (2),havent (13),weeks (2)
alternative (4),surprised (1),envisage (2),courier (2),whole (13),especially (2)
basic (4),although (1),installed (2),basically (2),item (13),great (2)
potentially (4),flatmates (1),slot (2),experience (2),useful (13),even (2)
specific (4),name (1),truck (2),assuming (2),small (13),makes (2)
question (4),messaged (1),everyone (2),ha (2),started (13),keeping (2)
sorry (4),researcher (1),reorder (2),preferences (2),bad (13),problems (2)
back (4),find (1),knowing (2),preference (2),less (13),arrived (2)
for (4),multiple (1),london (2),we (2),product (13),g (2)
ten (4),bothered (1),crazy (2),weigh (2),doesnt (13),stack (2)
long (4),shops (1),goes (2),even (2),mind (13),scales (2)
purpose (4),app (1),start (2),using (2),experience (13),minus (2)
means (4),eat (1),usually (2),confusion (2),working (13),suppose (2)
choose (4),graph (1),pretty (2),let (2),better (13),home (2)
area (4),showed (1),subscribed (2),study (2),cancelled (13),difficulties (2)
options (4),limitations (1),for (2),called (2),interested (13),five (2)
period (4),are (1),influences (2),theyre (2),couldnt (13),depot (2)
night (4),cost (1),spend (2),computer (2),moment (13),whole (2)
drive (4),fact (1),tomorrow (2),little (2),close (13),ran (2)
spending (4),talk (1),front (2),cereal (2),pay (13),sunday (2)
late (4),describing (1),normally (2),play (2),hour (13),weekend (2)
working (4),fridges (1),fridge (2),try (2),stock (13),friday (2)
running (4),groceries (1),fruits (2),came (2),oats (13),onto (2)
regular (4),text (1),abel (2),worked (2),yesterday (13),us (2)
dinner (4),delivers (1),cole (2),item (2),second (13),else (2)
tuesday (4),phrase (1),placed (2),morning (2),when (12),though (2)
ahead (4),fridge (1),choose (2),mind (2),shop (12),text (2)
morning (4),automated (1),bought (2),hour (2),then (12),messages (2)
they (4),playing (1),nine (2),up (2),sent (12),shouldnt (2)
best (4),site (1),budget (2),website (2),hours (12),ended (2)
either (4),showing (1),water (2),stop (2),earlier (12),reordered (2)
looking (4),kids (1),thousand (2),used (2),list (12),up (2)
rather (4),help (1),texts (2),normally (2),amount (12),regular (2)
grocery (4),there (1),emails (2),planned (2),sending (12),routine (2)
hour (4),couple (1),house (2),cheaper (2),pick (12),food (2)
concierge (4),earlier (1),kilogram (2),meal (2),attention (12),stop (2)
lots (4),working (1),clementines (2),onion (2),easy (12),next (2)
onions (4),terms (1),this (2),use (2),onions (12),eco (2)
fusilli (4),cleaner (1),evenings (2),service (2),cookies (12),price (2)
last (4),area (1),collect (2),stock (2),far (12),priority (2)
now (4),equipment (1),ordered (2),forgot (2),glitch (12),used (2)
indulgence (4),cleaning (1),fine (2),internet (2),forgot (12),normally (2)
weight (4),easily (1),supermarket (2),onehour (2),questions (12),planned (2)
early (4),were (1),seems (2),confirmed (2),aware (12),cheaper (2)
wine (4),question (1),fresh (2),very (2),automatically (11),meal (2)
curious (4),touch (1),straight (2),critical (2),guy (11),set (2)
sauce (3),allowed (1),choice (2),magical (2),realised (11),certain (2)
there (3),pull (1),gone (2),expectation (2),bag (11),when (2)
nothing (3),depth (1),extra (2),empty (2),least (11),consideration (2)
lunch (3),studies (1),finished (2),happening (2),situation (11),connected (2)
desk (3),weeksmonthsyears (1),looked (2),explained (2),th (11),forgot (2)
keep (3),better (1),number (2),manually (2),ago (11),stock (2)
to (3),understanding (1),meant (2),process (2),products (11),router (2)
sticks (3),systems (1),couriered (2),another (2),minutes (11),cookies (2)
carrot (3),spend (1),happy (2),when (2),difference (11),asked (2)
fruits (3),women (1),curious (2),can (2),within (11),smooth (2)
constantly (3),towell (1),broccoli (2),property (2),house (11),very (2)
wants (3),done (1),makes (2),sharing (2),start (11),critical (2)
far (3),biscuits (1),deliveries (2),specified (1),otherwise (11),magical (2)
habits (3),three (1),cheaper (2),replenished (1),gets (11),ingredient (2)
six (3),for (1),benefits (2),later (1),asked (11),expectation (2)
then (3),automation (1),less (2),redelivered (1),level (11),consuming (2)
add (3),highest (1),basically (2),communication (1),coffee (11),feeling (2)
sent (3),oclock (1),add (2),knows (1),read (11),orthis (2)
amounts (3),mind (1),shapes (2),server (1),cook (11),vegetables (2)
forget (3),change (1),irregular (2),hey (1),funny (11),employees (2)
goes (3),hour (1),tough (2),communicating (1),normally (11),warm (2)
hes (3),add (1),ways (2),gone (1),ran (10),treating (2)
gets (3),couriers (1),either (2),back (1),beginning (10),registering (2)
organic (3),laterish (1),carrier (2),decisions (1),buying (10),none (2)
basis (3),therell (1),ultimately (2),agent (1),often (10),loads (2)
set (3),called (1),moment (2),wrong (1),there (10),mine (2)
lifestyle (3),days (1),tech (2),supermarkets (1),date (10),clearly (2)
cold (3),weve (1),put (2),instinctively (1),slot (10),fault (2)
with (3),packaging (1),shouldnt (2),porsche (1),cooking (10),suddenly (2)
took (3),concealed (1),yeah (2),dreams (1),figure (10),rice (2)
products (3),goods (1),taken (2),suppliers (1),eating (10),liking (2)
this (3),anyway (1),money (2),sign (1),six (10),shipped (2)
using (3),accepted (1),sitting (2),ever (1),ever (10),travelled (2)
ordered (3),beforehand (1),can (2),real (1),notification (10),distance (2)
ocado (3),rang (1),attention (2),basis (1),makes (10),far (2)
hours (3),issued (1),handy (2),consume (1),in (10),without (2)
depot (3),easier (1),reuse (2),goods (1),asking (10),source (2)
scale (3),true (1),recycling (2),weekly (1),bananas (10),works (2)
fairly (3),website (1),monday (2),spend (1),error (10),exploring (2)
sainsburys (3),watching (1),grouping (2),whenever (1),biscuits (10),automatic (2)
list (3),saturday (1),oats (2),preagreed (1),found (10),decided (2)
least (3),earth (1),normal (2),leave (1),expected (10),pick (2)
particularly (3),tv (1),hour (2),wake (1),werent (10),different (2)
couldnt (3),totally (1),needed (2),sundays (1),normal (10),glitch (2)
freezing (3),unexpected (1),item (2),saturdays (1),concierge (10),ipad (2)
future (3),knocks (1),chose (2),kit (1),morning (10),whether (2)
christmas (3),directly (1),hovis (2),home (1),straight (10),messed (2)
mum (3),sent (1),cut (2),meat (1),brown (10),instantly (2)
chose (3),concerns (1),label (2),example (1),potatoes (10),depots (2)
evening (3),figure (1),knew (2),gym (1),arrive (9),error (2)
guy (3),moved (1),keep (2),weekends (1),ate (9),issues (2)
british (3),amazon (1),consumer (2),close (1),lazy (9),talked (2)
side (3),dhl (1),lazy (2),relied (1),cupboard (9),second (2)
perhaps (3),horrors (1),habits (2),sustainability (1),white (9),wherever (1)
city (3),alison (1),seeing (2),drag (1),case (9),bringing (1)
in (3),pass (1),friends (2),family (1),to (9),neighbours (1)
thursday (3),near (1),half (2),scream (1),ten (9),ecofriendly (1)
tomorrow (3),road (1),drive (2),surprise (1),easier (9),concern (1)
wow (3),as (1),expecting (2),asking (1),name (9),packets (1)
imagine (3),attempt (1),concierge (2),fuss (1),kept (9),small (1)
course (3),offence (1),goods (2),kinder (1),comes (9),tomorrow (1)
past (3),theyd (1),oil (2),crying (1),possibly (9),shit (1)
occasion (3),imagine (1),lives (2),place (1),almost (9),less (1)
on (3),theyre (1),topup (2),parents (1),money (9),guilty (1)
sell (3),talked (1),somewhere (2),advance (1),longer (9),inaudible (1)
bother (3),disturb (1),charging (2),handy (1),wheat (9),come (1)
study (3),interacting (1),busy (2),purpose (1),showing (9),men (1)
main (3),variable (1),complicated (2),iphone (1),button (9),woman (1)
loaf (3),others (1),picking (2),general (1),triggered (9),special (1)
guys (3),schedules (1),beans (2),cover (1),supposed (9),organics (1)
that (3),anybody (1),coffee (2),superfluous (1),red (9),youll (1)
world (3),push (1),containers (2),designed (1),says (9),ocado (1)
weekend (3),told (1),option (2),clearly (1),keep (9),drivers (1)
happen (3),dinner (1),triggered (2),ahead (1),quality (9),evolve (1)
beginning (3),boyfriend (1),mixing (2),plans (1),which (8),expect (1)
unless (3),awkward (1),cook (2),front (1),head (8),project (1)
text (3),kitchen (1),enough (2),organised (1),reorder (8),essentially (1)
breakfast (3),rest (1),log (2),am (1),hard (8),area (1)
wholewheat (3),cooks (1),penne (2),stupid (1),kitchen (8),green (1)
brand (3),with (1),fusilli (2),accounts (1),tend (8),preferable (1)
able (3),brilliant (1),wed (2),dish (1),forget (8),within (1)
path (3),noticed (1),figure (2),quickly (1),priority (8),potentially (1)
part (3),running (1),basic (2),believe (1),potentially (8),details (1)
sit (3),bizarrely (1),butter (2),present (1),autonomy (8),kinds (1)
friends (3),often (1),dream (2),prototype (1),looks (8),forward (1)
putting (3),experience (1),therell (2),opinion (1),regular (8),taken (1)
shape (3),next (1),foodstuffs (2),remove (1),healthy (8),nextday (1)
done (3),etc (1),alright (2),perfected (1),front (8),years (1)
andrew (3),please (1),rest (2),bugs (1),soon (8),spending (1)
planning (3),lost (1),started (2),six (1),bigger (8),parents (1)
children (3),becomes (1),loved (2),such (1),slightly (8),ago (1)
friday (3),important (1),cross (2),texts (1),oranges (8),month (1)
monday (3),value (1),potentially (2),emails (1),problems (8),code (1)
society (3),considered (1),itd (2),receiving (1),top (8),prime (1)
express (3),cookies (1),cookies (2),million (1),notifications (8),supposed (1)
weve (3),nuts (1),says (2),making (1),they (8),evening (1)
pass (3),higher (1),rice (2),annoying (1),depot (8),place (1)
were (3),service (1),spaghetti (2),clever (1),fruit (8),miserable (1)
possibly (3),valuable (1),consumed (2),often (1),can (8),raining (1)
onion (3),give (1),instead (2),mouldy (1),quick (8),outside (1)
mushroom (3),basis (1),give (2),received (1),especially (8),opened (1)
wonder (3),right (1),expectations (2),bluish (1),called (8),british (1)
slightly (3),services (1),judge (2),on (1),press (8),complain (1)
cooks (3),snack (1),seen (2),dead (1),generally (8),side (1)
beans (3),weekly (1),expect (2),white (1),chose (8),begged (1)
please (3),course (1),future (2),checked (1),course (8),perhaps (1)
double (3),snacks (1),space (2),lovely (1),trust (8),job (1)
topup (3),appreciate (1),version (1),away (1),stop (8),immigrant (1)
suddenly (3),fruit (1),when (1),rotten (1),busy (8),review (1)
foodstuffs (3),accurate (1),havent (1),joan (1),talked (8),this (1)
rest (3),deliveries (1),prototype (1),subsequent (1),service (8),money (1)
useful (3),at (1),early (1),actual (1),automatic (8),person (1)
havent (3),difficulty (1),large (1),indeed (1),took (8),country (1)
technology (3),quality (1),abandon (1),left (1),regularly (8),conditions (1)
lives (3),depots (1),difference (1),desired (1),happy (8),which (1)
daniel (3),comes (1),reckless (1),occasion (1),picked (8),around (1)
meaningful (3),buy (1),suppliers (1),rest (1),middle (8),city (1)
attention (3),random (1),ever (1),miss (1),click (8),awful (1)
takes (3),branding (1),criticisms (1),true (1),goes (8),running (1)
just (3),branded (1),biggest (1),unless (1),talk (8),ridiculous (1)
not (3),beginning (1),costwise (1),approach (1),particular (8),accounts (1)
london (3),apparently (1),later (1),prove (1),must (8),weight (1)
olive (3),issue (1),delivering (1),cautious (1),taking (7),dish (1)
porridge (3),whether (1),addison (1),unplugged (1),tomorrow (7),quickly (1)
oats (3),discussing (1),our (1),reason (1),making (7),runs (1)
unusual (3),receive (1),lee (1),afterwards (1),five (7),believe (1)
accurate (3),else (1),ineffective (1),weeks (1),consumption (7),present (1)
ones (3),they (1),conclusive (1),maintain (1),love (7),prototype (1)
healthier (3),sowell (1),concerns (1),element (1),completely (7),opinion (1)
practices (3),comments (1),impact (1),rely (1),flat (7),remove (1)
likes (3),thinkthats (1),main (1),create (1),best (7),perfected (1)
ended (2),answer (1),environmental (1),measuring (1),sign (7),bugs (1)
tomatobased (2),room (1),struggled (1),reliability (1),high (7),such (1)
roughly (2),missed (1),worth (1),involves (1),life (7),receiving (1)
accessible (2),set (1),differentiate (1),possible (1),real (7),million (1)
tins (2),stone (1),plans (1),transactional (1),means (7),clever (1)
delicious (2),producer (1),slots (1),loss (1),logged (7),in (1)
many (2),sending (1),grooves (1),possibility (1),options (7),mouldy (1)
salad (2),,bridge (1),selection (1),convenient (7),bluish (1)
replaced (2),,signed (1),fruits (1),understand (7),except (1)
chuck (2),,guarantee (1),mixed (1),wondering (7),half (1)
clementines (2),,minimum (1),allergic (1),arrived (7),dead (1)
yummy (2),,happen (1),strawberries (1),minus (7),white (1)
intervened (2),,building (1),line (1),local (7),chosen (1)
wrong (2),,driving (1),thatsa (1),explain (7),lovely (1)
everything (2),,sleep (1),direct (1),yeah (7),simple (1)
somehow (2),,across (1),interaction (1),preference (7),cook (1)
twice (2),,redeliver (1),hell (1),initially (7),worry (1)
exactly (2),,basics (1),bloody (1),based (7),sorry (1)
worry (2),,housemate (1),oranges (1),expensive (7),switch (1)
avocados (2),,passes (1),grocery (1),thursday (7),busy (1)
recipe (2),,he (1),kitchen (1),available (7),easier (1)
reason (2),,hes (1),ran (1),automation (7),extremely (1)
kitchen (2),,gets (1),reorder (1),automated (7),mobility (1)
recipes (2),,promised (1),limit (1),true (7),periods (1)
cooked (2),,buying (1),settings (1),half (7),finished (1)
uk (2),,organic (1),there (1),amazon (7),loaf (1)
summer (2),,currently (1),cancelled (1),sunflower (7),minimum (1)
theyve (2),,spinach (1),confirm (1),finish (7),whatever (1)
somewhere (2),,argue (1),idea (1),suddenly (7),shape (1)
grew (2),,commit (1),new (1),talking (7),enough (1)
small (2),,ahead (1),with (1),chance (7),reordering (1)
throw (2),,decided (1),taste (1),although (7),might (1)
spinach (2),,complain (1),anymore (1),god (7),try (1)
market (2),,hasslefree (1),automate (1),receive (7),cancel (1)
cool (2),,some (1),shopping (1),login (7),notifications (1)
yesterday (2),,lidl (1),reordering (1),technology (7),stopped (1)
based (2),,tescos (1),save (1),monitoring (7),mildly (1)
consume (2),,amazon (1),effort (1),november (7),loaves (1)
availability (2),,whoa (1),explanation (1),occasionally (7),worried (1)
strict (2),,paid (1),sort (1),fridge (7),mainly (1)
as (2),,cooking (1),adjustable (1),mention (7),giraffe (1)
case (2),,fourth (1),gave (1),interview (7),brown (1)
conscious (2),,gives (1),decided (1),hes (6),texted (1)
easily (2),,cancel (1),best (1),seemed (6),rearrange (1)
pattern (2),,voucher (1),notice (1),suggestion (6),knew (1)
though (2),,promotional (1),longest (1),seeing (6),walked (1)
speaking (2),,initial (1),quick (1),weekend (6),shopping (1)
places (2),,wow (1),triggers (1),month (6),interested (1)
arrive (2),,massive (1),twice (1),extra (6),local (1)
some (2),,keeping (1),higher (1),brand (6),balancing (1)
driver (2),,eye (1),earlier (1),on (6),seems (1)
drivers (2),,on (1),immediately (1),conscious (6),couriered (1)
amazing (2),,runs (1),dumb (1),pattern (6),box (1)
within (2),,dishes (1),banana (1),happens (6),theyd (1)
taken (2),,apples (1),conception (1),specific (6),presumably (1)
arriving (2),,grams (1),bare (1),ways (6),real (1)
circumstances (2),,pears (1),error (1),world (6),world (1)
free (2),,handle (1),user (1),choose (6),autonomy (1)
processed (2),,compare (1),worry (1),family (6),knowing (1)
element (2),,whats (1),milk (1),place (6),specifically (1)
wholl (2),,forever (1),describing (1),plan (6),waste (1)
parents (2),,detached (1),fridges (1),general (6),agree (1)
ago (2),,fantasise (1),text (1),annoying (6),noticed (1)
promotional (2),,fantasy (1),telling (1),reading (6),gap (1)
raining (2),,reality (1),phrase (1),care (6),weekive (1)
opened (2),,hand (1),fridge (1),reordering (6),october (1)
bad (2),,worried (1),show (1),worried (6),pulled (1)
around (2),,card (1),easier (1),egg (6),th (1)
needs (2),,scared (1),packet (1),graph (6),emailwe (1)
sustainability (2),,situation (1),cheese (1),unless (6),nightit (1)
convenient (2),,credit (1),beforeive (1),clementines (6),oneday (1)
surprise (2),,allowance (1),spare (1),higher (6),slot (1)
theyll (2),,practical (1),known (1),agree (6),available (1)
completely (2),,wine (1),thereokay (1),takes (6),morning (1)
abel (2),,three (1),computers (1),quickly (6),keep (1)
cole (2),,inconvenience (1),learning (1),show (6),earliest (1)
placed (2),,realising (1),exactly (1),sliced (6),push (1)
convenience (2),,waste (1),replaced (1),link (6),week (1)
massive (2),,especially (1),needed (1),ended (6),earlier (1)
improvise (2),,multiple (1),brands (1),nothing (6),granary (1)
plans (2),,bothered (1),brand (1),routine (6),shortly (1)
inconvenience (2),,interested (1),mistakes (1),old (6),placed (1)
stupid (2),,arrive (1),flag (1),paying (6),confirm (1)
experience (2),,balancing (1),sliced (1),fairly (6),touch (1)
great (2),,theyd (1),trying (1),reasons (6),yesterday (1)
easier (2),,presumably (1),guys (1),issues (6),wednesday (1)
later (2),,picked (1),still (1),meal (6),blow (1)
tangerines (2),,hardest (1),hindsight (1),consider (6),manage (1)
another (2),,tune (1),enjoying (1),after (6),arriving (1)
somebody (2),,regularly (1),tried (1),answer (6),hang (1)
lemon (2),,certain (1),round (1),smart (6),looks (1)
love (2),,quantity (1),vaguely (1),wed (6),double (1)
needed (2),,to (1),wholewheat (1),mmhmm (6),gosh (1)
diet (2),,at (1),sounded (1),ivi (6),cope (1)
courier (2),,hungry (1),looking (1),certain (5),done (1)
evenings (2),,cheap (1),looked (1),packet (5),flag (1)
collect (2),,several (1),weighing (1),driver (5),computer (1)
variety (2),,prefer (1),wait (1),main (5),rest (1)
necessarily (2),,let (1),long (1),involved (5),proactive (1)
choice (2),,tended (1),versus (1),log (5),werent (1)
housemates (2),,list (1),available (1),somehow (5),prompted (1)
offered (2),,limitations (1),wholemeal (1),shops (5),heres (1)
diets (2),,are (1),customer (1),substitutions (5),emailed (1)
at (2),,cost (1),automation (1),late (5),proactively (1)
broccoli (2),,fact (1),particular (1),portion (5),later (1)
sparing (2),,message (1),highest (1),decided (5),cupboard (1)
shakes (2),,room (1),oclock (1),scenario (5),slotted (1)
oranges (2),,instance (1),add (1),triggers (5),automation (1)
considering (2),,possibly (1),couriers (1),easily (5),saturday (1)
repeat (2),,bananas (1),laterish (1),consuming (5),every (1)
difference (2),,carry (1),therell (1),view (5),oddity (1)
hasnt (2),,appropriate (1),addison (1),battery (5),appeared (1)
weetabix (2),,via (1),lee (1),expect (5),check (1)
computers (2),,camera (1),saturday (1),environment (5),button (1)
computer (2),,somebody (1),every (1),details (5),press (1)
branded (2),,stacking (1),routine (1),taken (5),arrives (1)
browsing (2),,produceunclear (1),oddity (1),kids (5),trust (1)
wheat (2),,problem (1),appeared (1),improve (5),lost (1)
have (2),,whilst (1),button (1),sustainable (5),totally (1)
toilet (2),,visualises (1),press (1),occurred (5),send (1)
roll (2),,fun (1),lost (1),connection (5),control (1)
consortium (2),,scalable (1),option (1),finished (5),normal (1)
group (2),,industry (1),totally (1),meant (5),fashion (1)
bulk (2),,selfordering (1),ten (1),loaf (5),ecothing (1)
important (2),,compartments (1),normal (1),courier (5),sunflower (1)
information (2),,theyve (1),fashion (1),collect (5),travel (1)
seeds (2),,systematically (1),level (1),gave (5),threw (1)
hovis (2),,fridges (1),priority (1),anymore (5),window (1)
cut (2),,perception (1),eco (1),setting (5),overtalking (1)
paying (2),,x (1),sit (1),benefits (5),fair (1)
fancy (2),,d (1),actively (1),helped (5),engaged (1)
planningokay (2),,iphone (1),wonder (1),fun (5),sit (1)
joint (2),,depth (1),hands (1),theyve (5),actively (1)
sunday (2),,holowlens (1),may (1),sitting (5),wonder (1)
patterns (2),,model (1),describe (1),medium (5),hands (1)
saturday (2),,amazing (1),friend (1),partly (5),may (1)
wednesday (2),,state (1),refuels (1),confused (5),brought (1)
daily (2),,hardware (1),sensors (1),knowing (5),straight (1)
anymore (2),,achieve (1),piece (1),friday (5),red (1)
half (2),,advantage (1),taken (1),putting (5),auto (1)
coop (2),,bother (1),care (1),choice (5),refills (1)
absolutely (2),,ones (1),forget (1),sunday (5),anyways (1)
lived (2),,everythings (1),to (1),enjoyed (5),missed (1)
deem (2),,top (1),honest (1),granary (5),forget (1)
detour (2),,piled (1),wifi (1),honest (5),to (1)
inconvenient (2),,angle (1),here (1),dates (5),honest (1)
fiveminute (2),,worst (1),register (1),saturday (5),connection (1)
werent (2),,load (1),had (1),absolutely (5),wifi (1)
obvious (2),,aunclear (1),wondering (1),single (5),here (1)
road (2),,removing (1),realise (1),satisfied (5),register (1)
theyd (2),,musing (1),saw (1),lost (5),had (1)
waiting (2),,taking (1),minus (1),lots (5),internet (1)
bigger (2),,lowered (1),interface (1),as (5),assume (1)
red (2),,action (1),wrote (1),friends (5),wondering (1)
saut (2),,triggers (1),dawned (1),somewhere (5),realise (1)
wild (2),,stuck (1),seem (1),beans (5),assuming (1)
required (2),,apple (1),respond (1),whenever (5),relationship (1)
quick (2),,nectarine (1),offline (1),explained (5),online (1)
planned (2),,barcoding (1),oneday (1),brilliant (5),wrote (1)
cheaper (2),,serving (1),threeday (1),double (5),course (1)
longer (2),,fancy (1),after (1),round (5),dawned (1)
silly (2),,proper (1),couldnt (1),night (5),seem (1)
continuing (2),,cancelled (1),least (1),vegetables (5),respond (1)
mixing (2),,tried (1),meet (1),jar (5),offline (1)
log (2),,high (1),full (1),hear (5),fellow (1)
wed (2),,youveyes (1),crucial (1),mine (5),leave (1)
remembered (2),,notification (1),drops (1),porridge (5),alone (1)
butter (2),,lead (1),keep (1),instantly (5),suffering (1)
dream (2),,pick (1),containers (1),types (5),couldnt (1)
therell (2),,ultimate (1),sitting (1),properly (5),meet (1)
alright (2),,limitation (1),able (1),accurate (5),happening (1)
started (2),,per (1),mine (1),starting (5),crucial (1)
suited (2),,bin (1),simone (1),placed (5),related (1)
round (2),,together (1),halfway (1),term (5),riverford (1)
saw (2),,inflated (1),running (1),helpful (5),facilities (1)
spice (2),,bat (1),tell (1),quantity (5),package (1)
realised (2),,eyelid (1),chance (1),baby (5),process (1)
brixton (2),,circumstances (1),placed (1),consume (5),video (1)
trigger (2),,couriers (1),jasmine (1),parcel (5),mentioning (1)
tooting (2),,value (1),bottom (1),sweet (5),lunch (1)
ways (2),,ofthis (1),rice (1),spaghetti (5),admin (1)
cat (2),,market (1),started (1),shes (5),friendly (1)
subscribe (2),,pop (1),slightly (1),minute (5),farmers (1)
pot (2),,within (1),though (1),repeat (5),designers (1)
becomes (2),,places (1),controlling (1),believe (5),together (1)
higher (2),,shortit (1),entirely (1),behind (5),show (1)
service (2),,particular (1),distanced (1),months (5),feels (1)
services (2),,slotduring (1),felt (1),works (5),ethically (1)
weighing (2),,friday (1),done (1),call (5),reset (1)
organise (2),,ruth (1),manual (1),perspective (5),told (1)
shelf (2),,ongoing (1),task (1),waiting (5),accident (1)
expectation (2),,manage (1),hectic (1),fresh (5),gone (1)
sitting (2),,acton (1),schedule (1),grams (5),wrong (1)
more (2),,cobuying (1),context (1),nine (5),actual (1)
runs (2),,financially (1),wouldve (1),spending (5),pay (1)
scooter (2),,viable (1),technology (1),were (5),paying (1)
killed (2),,group (1),phones (1),preferences (5),considerations (1)
old (2),,weeks (1),laptops (1),page (5),higher (1)
across (2),,proactive (1),either (1),seen (5),type (1)
medicine (2),,prompted (1),phone (1),budget (5),products (1)
cyprus (2),,heres (1),access (1),seven (5),insight (1)
must (2),,emailed (1),amazon (1),store (5),specific (1)
otherwise (2),,proactively (1),changemmm (1),space (5),gives (1)
mine (2),,onto (1),pay (1),clear (5),found (1)
fascinating (2),,long (1),wine (1),redelivered (4),potatoes (1)
checked (2),,seemed (1),ecological (1),bringing (4),diet (1)
geeky (2),,versus (1),special (1),quantities (4),scheduled (1)
potato (2),,available (1),company (1),packets (4),hoping (1)
issues (2),,options (1),sensor (1),wouldve (4),reassurance (1)
soup (2),,wholemeal (1),concept (1),hey (4),giving (1)
street (2),,customer (1),fascinating (1),guys (4),telling (1)
dalston (2),,recognised (1),key (1),flatmate (4),systems (1)
wines (2),,twice (1),question (1),accept (4),showing (1)
actual (2),,mind (1),systems (1),delivering (4),guidance (1)
talking (2),,shape (1),thingi (1),depends (4),concerned (1)
shapes (2),,frustrating (1),medium (1),recipe (4),queried (1)
changes (2),,baggy (1),egg (1),weekly (4),guys (1)
centre (2),,spirit (1),highoh (1),matter (4),question (1)
received (1),,oferrabout (1),thingyes (1),ingredients (4),amounts (1)
tin (1),,wednesday (1),improve (1),cooked (4),regard (1)
wouldve (1),,knowoh (1),already (1),taste (4),accurate (1)
fattening (1),,motorbike (1),space (1),favourite (4),never (1)
battle (1),,oftheres (1),overtalking (1),cheese (4),at (1)
fat (1),,novelty (1),church (1),full (4),possibly (1)
restrict (1),,lets (1),acton (1),basis (4),difficulty (1)
thered (1),,sainsburys (1),within (1),reallife (4),concierge (1)
new (1),,express (1),distance (1),user (4),comes (1)
left (1),,late (1),local (1),appealing (4),random (1)
punnet (1),,themoh (1),walking (1),visit (4),branding (1)
snacking (1),,all (1),dependent (1),youll (4),branded (1)
prepare (1),,phones (1),orderreordering (1),ocado (4),put (1)
peel (1),,anymore (1),individual (1),iphone (4),able (1)
hummus (1),,ten (1),hmmfor (1),actual (4),rely (1)
replenished (1),,tonight (1),availability (1),please (4),agent (1)
decisions (1),,tesco (1),top (1),arrives (4),preferences (1)
agent (1),,mobile (1),advertise (1),inconvenient (4),depending (1)
trusted (1),,coops (1),veg (1),job (4),milk (1)
seemed (1),,therefore (1),isi (1),great (4),heavy (1)
trust (1),,breadoh (1),rememberresearcher (1),cancelling (4),unclearovertalking (1)
instinctively (1),,coop (1),thewhat (1),past (4),variety (1)
porsche (1),,literally (1),dealt (1),with (4),importance (1)
dreams (1),,forget (1),issues (1),seems (4),name (1)
dishes (1),,nearest (1),your (1),broken (4),resarcher (1)
chillies (1),,countryside (1),choose (1),showed (4),sat (1)
pop (1),,ran (1),routers (1),realise (4),grams (1)
curry (1),,minute (1),speed (1),adjust (4),important (1)
repeated (1),,absolutely (1),many (1),instance (4),detail (1)
matter (1),,supermarketyou (1),ethical (1),tough (4),read (1)
whip (1),,farm (1),find (1),bother (4),battery (1)
together (1),,lived (1),comparing (1),short (4),signal (1)
dish (1),,deem (1),abstracting (1),limitation (4),case (1)
seasonal (1),,pass (1),click (1),specifically (4),beginning (1)
possible (1),,sell (1),unconscious (1),waste (4),butwe (1)
avoid (1),,detour (1),similar (1),moving (4),november (1)
somethings (1),,fiveminute (1),store (1),onto (4),strange (1)
wintery (1),,concealed (1),depot (1),known (4),arranged (1)
asparagus (1),,accept (1),robots (1),frustrating (4),rd (1)
winter (1),,accepted (1),everywhere (1),near (4),still (1)
strawberries (1),,beforehand (1),shared (1),note (4),benefit (1)
bowls (1),,rang (1),issue (1),watching (4),remote (1)
serve (1),,parcel (1),our (1),moved (4),reads (1)
housemate (1),,ecothing (1),,plans (4),your (1)
passes (1),,sunflower (1),,tacos (4),lots (1)
he (1),,travel (1),,mates (4),ups (1)
start (1),,threw (1),,topup (4),advantage (1)
promised (1),,eco (1),,indulgence (4),uses (1)
currently (1),,window (1),,oneday (4),date (1)
argue (1),,though (1),,leave (4),femalefirst (1)
delivers (1),,fair (1),,cold (4),key (1)
goods (1),,tend (1),,across (4),male (1)
automatically (1),,fantastic (1),,now (4),unidentified (1)
automatic (1),,unobtrusive (1),,simone (4),malethank (1)
ingredient (1),,dropped (1),,again (4),speaker (1)
product (1),,whenever (1),,lag (4),penne (1)
preagreed (1),,explained (1),,giving (4),coffee (1)
synchronise (1),,specified (1),,seem (4),basic (1)
young (1),,trigger (1),,cheaper (4),curious (1)
tired (1),,email (1),,sound (4),useful (1)
white (1),,alert (1),,confirmation (4),situation (1)
reallife (1),,parameters (1),,reassurance (4),office (1)
allergy (1),,silly (1),,sounds (4),crisis (1)
scenario (1),,continuing (1),,bring (4),added (1)
ideal (1),,played (1),,issue (4),confused (1)
throughout (1),,meal (1),,notice (4),service (1)
extreme (1),,kept (1),,apart (4),click (1)
process (1),,oclock (1),,october (4),whos (1)
timing (1),,finishing (1),,reply (4),shes (1)
bombarded (1),,leave (1),,trial (4),charge (1)
happens (1),,meeting (1),,abel (4),deal (1)
savings (1),,comfort (1),,cole (4),tbc (1)
middle (1),,feed (1),,yet (4),issue (1)
website (1),,ready (1),,touch (4),encountering (1)
timetable (1),,office (1),,itd (4),help (1)
doesnt (1),,women (1),,necessarily (4),address (1)
flexible (1),,outer (1),,reset (4),becomes (1)
underground (1),,family (1),,balance (4),jake (1)
station (1),,treats (1),,usage (4),aware (1)
felt (1),,processes (1),,ai (4),refilled (1)
workplace (1),,calendar (1),,she (4),
passing (1),,outlook (1),,keys (4),
lidl (1),,sorter (1),,approach (4),
tescos (1),,rememberer (1),,immediate (4),
parties (1),,excel (1),,hang (4),
party (1),,person (1),,collecting (4),
youll (1),,brain (1),,confirmed (4),
option (1),,fiddled (1),,expecting (4),
evolve (1),,preferences (1),,whereas (4),
expect (1),,anticipated (1),,researcher (4),
project (1),,chaos (1),,office (4),
essentially (1),,wonder (1),,criteria (3),
green (1),,slight (1),,cheapest (3),
environment (1),,sorted (1),,larger (3),
preferable (1),,limit (1),,shelf (3),
details (1),,variety (1),,concern (3),
kinds (1),,turning (1),,punnet (3),
forward (1),,dried (1),,halfway (3),
alcohol (1),,zones (1),,sauce (3),
slices (1),,unrolled (1),,accessible (3),
intoxicated (1),,graphene (1),,tins (3),
bed (1),,talk (1),,tomato (3),
fridge (1),,overlay (1),,neighbour (3),
nextday (1),,map (1),,worry (3),
years (1),,institute (1),,together (3),
short (1),,rfid (1),,dish (3),
code (1),,tag (1),,redeliver (3),
prime (1),,moved (1),,pissed (3),
supposed (1),,suddenly (1),,freeze (3),
showed (1),,oneday (1),,robot (3),
miserable (1),,threeday (1),,free (3),
outside (1),,service (1),,ahead (3),
complain (1),,refills (1),,mum (3),
begged (1),,includes (1),,special (3),
job (1),,package (1),,daily (3),
immigrant (1),,confusing (1),,thoughtful (3),
review (1),,second (1),,several (3),
country (1),,sake (1),,timing (3),
conditions (1),,must (1),,hi (3),
awful (1),,perhaps (1),,live (3),
ridiculous (1),,otherwise (1),,purpose (3),
god (1),,low (1),,drivers (3),
drag (1),,checked (1),,amazing (3),
scream (1),,shown (1),,essentially (3),
asking (1),,remote (1),,needs (3),
fuss (1),,starting (1),,parents (3),
kinder (1),,brown (1),,scared (3),
crying (1),,avoid (1),,deleting (3),
advance (1),,checking (1),,disconnected (3),
handy (1),,delayed (1),,hoover (3),
iphone (1),,check (1),,household (3),
general (1),,faff (1),,diet (3),
cover (1),,geeky (1),,water (3),
superfluous (1),,app (1),,heavy (3),
fourth (1),,consumption (1),,resarcher (3),
gives (1),,energy (1),,contacted (3),
cancel (1),,electric (1),,direct (3),
voucher (1),,sound (1),,stopped (3),
initial (1),,exists (1),,runs (3),
nine (1),,range (1),,immediately (3),
says (1),,quality (1),,theyd (3),
very (1),,brands (1),,hm (3),
hardly (1),,brand (1),,gives (3),
tells (1),,expected (1),,visually (3),
friend (1),,months (1),,everythings (3),
christian (1),,concept (1),,stuck (3),
ticket (1),,judging (1),,proper (3),
concert (1),,needs (1),,rely (3),
happening (1),,improvements (1),,lead (3),
designed (1),,criticise (1),,weigh (3),
clearly (1),,waitrose (1),,per (3),
organised (1),,nutritional (1),,remembered (3),
am (1),,unrealistic (1),,move (3),
simple (1),,faster (1),,brands (3),
switch (1),,glasses (1),,fault (3),
let (1),,wearing (1),,toyes (3),
extremely (1),,takes (1),,site (3),
mobility (1),,consequence (1),,biscuit (3),
gosh (1),,middle (1),,weetabix (3),
texts (1),,bending (1),,versus (3),
receive (1),,adjusting (1),,unexpected (3),
gave (1),,understand (1),,obvious (3),
downstairs (1),,year (1),,seed (3),
occasions (1),,nicer (1),,grape (3),
brought (1),,betterquality (1),,sooner (3),
recollection (1),,turkey (1),,selected (3),
joan (1),,shelves (1),,harder (3),
sold (1),,bunch (1),,oils (3),
structure (1),,nail (1),,mixed (3),
taste (1),,weekly (1),,intended (3),
c (1),,oryes (1),,eco (3),
vitamin (1),,leaflet (1),,brought (3),
source (1),,table (1),,picking (3),
nadia (1),,great (1),,dropped (3),
store (1),,chips (1),,alert (3),
clementine (1),,transparent (1),,tea (3),
has (1),,quiteyes (1),,friend (3),
improve (1),,double (1),,meaningful (3),
potential (1),,although (1),,faster (3),
reordering (1),,footprint (1),,valuable (3),
hand (1),,carbon (1),,services (3),
worried (1),,togethermmhmm (1),,threeday (3),
card (1),,wasbut (1),,confusing (3),
scared (1),,car (1),,feeling (3),
situation (1),,everybody (1),,pressed (3),
credit (1),,neat (1),,opened (3),
allowance (1),,zipped (1),,wow (3),
real (1),,appreciated (1),,worth (3),
breadbased (1),,supposedly (1),,drop (3),
reality (1),,reason (1),,wonder (3),
low (1),,leaning (1),,technical (3),
practical (1),,sorry (1),,jasmine (3),
crap (1),,working (1),,fourth (3),
realising (1),,in (1),,some (3),
hardest (1),,glitch (1),,accident (3),
tune (1),,stick (1),,fascinating (3),
quantity (1),,counter (1),,compared (3),
hungry (1),,theory (1),,weighing (3),
email (1),,years (1),,geeky (3),
notifications (1),,shared (1),,evening (3),
novelty (1),,accommodation (1),,sends (3),
message (1),,difficult (1),,nicer (3),
comfortably (1),,throw (1),,complete (3),
fitted (1),,balance (1),,exploring (3),
learn (1),,fourths (1),,ipad (3),
flag (1),,left (1),,systems (3),
learning (1),,andbutter (1),,random (3),
appropriate (1),,ended (1),,carried (3),
solved (1),,store (1),,sainsburys (3),
field (1),,huge (1),,account (3),
defining (1),,deal (1),,potato (3),
savoury (1),,button (1),,apparently (3),
shown (1),,click (1),,consumed (3),
paths (1),,somewhat (1),,suggest (3),
straight (1),,property (1),,ends (3),
bounced (1),,specific (1),,living (3),
section (1),,corner (1),,honestly (3),
journey (1),,necessarily (1),,street (3),
develops (1),,flavours (1),,everybody (3),
cornflakes (1),,ivwould (1),,quinoa (3),
intelligently (1),,ivso (1),,gotten (3),
develop (1),,graph (1),,spent (3),
word (1),,looks (1),,wanting (3),
picked (1),,orno (1),,towards (3),
substitutes (1),,learnt (1),,drink (3),
title (1),,stay (1),,turn (3),
definition (1),,initially (1),,appointment (3),
collaborative (1),,consuming (1),,joking (3),
packs (1),,obviouslyyou (1),,priorities (3),
call (1),,machine (1),,slow (3),
rolls (1),,static (1),,tells (3),
wheres (1),,single (1),,share (3),
cutting (1),,projected (1),,register (3),
contains (1),,,,voice (3),
customers (1),,,,google (3),
relevant (1),,,,years (3),
allergens (1),,,,clementine (3),
crop (1),,,,hello (3),
preferences (1),,,,may (3),
record (1),,,,bothered (3),
allergies (1),,,,colour (3),
significant (1),,,,bin (3),
recognised (1),,,,charge (3),
label (1),,,,changing (3),
frustrating (1),,,,peelers (3),
baggy (1),,,,continue (3),
spirit (1),,,,fully (3),
meant (1),,,,eventually (3),
oferrabout (1),,,,effort (3),
consumer (1),,,,surprised (3),
share (1),,,,line (3),
orders (1),,,,experienced (3),
reviewing (1),,,,bags (3),
zero (1),,,,likeso (3),
sandwich (1),,,,lower (3),
telling (1),,,,pounds (3),
seeing (1),,,,only (3),
themoh (1),,,,soyes (3),
all (1),,,,clean (3),
phones (1),,,,cost (3),
tonight (1),,,,alright (3),
mobile (1),,,,side (3),
coops (1),,,,chop (3),
therefore (1),,,,spot (3),
breadoh (1),,,,alerts (3),
literally (1),,,,turned (3),
nearest (1),,,,sensible (3),
ran (1),,,,grocery (3),
minute (1),,,,visited (3),
supermarketyou (1),,,,save (3),
farm (1),,,,bed (3),
bin (1),,,,given (3),
touch (1),,,,milk (3),
allowed (1),,,,particularly (3),
pull (1),,,,tracking (3),
directly (1),,,,forgotten (3),
concerns (1),,,,rephrase (3),
moved (1),,,,paid (3),
dhl (1),,,,where (3),
horrors (1),,,,freezer (3),
alison (1),,,,final (3),
near (1),,,,pepper (3),
attempt (1),,,,conversation (3),
offence (1),,,,partner (3),
note (1),,,,select (3),
frustration (1),,,,timeout (3),
biggest (1),,,,rd (3),
groceries (1),,,,delete (3),
stock (1),,,,thanks (3),
guacamole (1),,,,ivyes (3),
bottle (1),,,,answers (3),
terribly (1),,,,favourites (3),
health (1),,,,fusilli (3),
reasons (1),,,,chosen (2),
light (1),,,,specified (2),
engaged (1),,,,quickest (2),
level (1),,,,friendly (2),
priority (1),,,,environmentally (2),
eco (1),,,,embarrassed (2),
actively (1),,,,communication (2),
hands (1),,,,rest (2),
may (1),,,,shit (2),
parameters (1),,,,tomatobased (2),
played (1),,,,roughly (2),
brilliant (1),,,,knows (2),
bizarrely (1),,,,involvement (2),
etc (1),,,,neither (2),
lost (1),,,,poke (2),
kept (1),,,,biggest (2),
knowing (1),,,,addison (2),
oclock (1),,,,our (2),
finishing (1),,,,lee (2),
leave (1),,,,installed (2),
meeting (1),,,,constantly (2),
comfort (1),,,,dishes (2),
feed (1),,,,habits (2),
ready (1),,,,curry (2),
office (1),,,,basics (2),
partly (1),,,,outrageous (2),
shoppers (1),,,,italian (2),
internet (1),,,,tomatos (2),
final (1),,,,similar (2),
control (1),,,,amounts (2),
logging (1),,,,bowls (2),
initially (1),,,,throw (2),
vegetable (1),,,,huge (2),
conversation (1),,,,humans (2),
keen (1),,,,traffic (2),
mix (1),,,,walking (2),
roasting (1),,,,subscribed (2),
smell (1),,,,overnight (2),
cumin (1),,,,ideal (2),
coriander (1),,,,apps (2),
cayenne (1),,,,interactive (2),
pepper (1),,,,diogo (2),
lamb (1),,,,personal (2),
register (1),,,,engaging (2),
decision (1),,,,relied (2),
shoulder (1),,,,green (2),
frequently (1),,,,period (2),
happened (1),,,,kinds (2),
meat (1),,,,forward (2),
litter (1),,,,sustainability (2),
reliant (1),,,,surprise (2),
geraldine (1),,,,theyll (2),
nappies (1),,,,meals (2),
attritional (1),,,,touching (2),
stopped (1),,,,itll (2),
earlier (1),,,,loan (2),
typically (1),,,,pulled (2),
hed (1),,,,wire (2),
full (1),,,,seamlessly (2),
pound (1),,,,keeps (2),
looked (1),,,,gap (2),
offer (1),,,,thousand (2),
carrier (1),,,,interaction (2),
texting (1),,,,hell (2),
save (1),,,,minimum (2),
ask (1),,,,stack (2),
wanting (1),,,,shape (2),
becausei (1),,,,mildly (2),
decided (1),,,,texting (2),
shoved (1),,,,hand (2),
top (1),,,,evenings (2),
care (1),,,,difficulties (2),
container (1),,,,walked (2),
spaghettis (1),,,,presumably (2),
served (1),,,,too (2),
faster (1),,,,ideally (2),
feels (1),,,,carrier (2),
value (1),,,,ultimately (2),
considered (1),,,,whilst (2),
valuable (1),,,,tech (2),
snacks (1),,,,fridges (2),
appreciate (1),,,,x (2),
pay (1),,,,depth (2),
where (1),,,,model (2),
properly (1),,,,shouldnt (2),
fast (1),,,,hardware (2),
refill (1),,,,advantage (2),
filled (1),,,,worst (2),
refilling (1),,,,load (2),
keeps (1),,,,action (2),
special (1),,,,serving (2),
game (1),,,,weekends (2),
liberals (1),,,,pushed (2),
forgiving (1),,,,wall (2),
article (1),,,,most (2),
warehouses (1),,,,intrigued (2),
pressed (1),,,,company (2),
bathroom (1),,,,mistaken (2),
shipping (1),,,,ultimate (2),
packers (1),,,,triggering (2),
showing (1),,,,cheat (2),
machine (1),,,,adjustments (2),
slaves (1),,,,sundays (2),
per (1),,,,confusion (2),
target (1),,,,spare (2),
since (1),,,,breakfast (2),
imply (1),,,,cereal (2),
background (1),,,,learning (2),
driving (1),,,,replaced (2),
drenched (1),,,,evaluation (2),
thank (1),,,,smartphone (2),
open (1),,,,therefore (2),
kill (1),,,,weights (2),
had (1),,,,packaging (2),
second (1),,,,customer (2),
trial (1),,,,pause (2),
sake (1),,,,bagels (2),
although (1),,,,wednesday (2),
independently (1),,,,novelty (2),
again (1),,,,stage (2),
worth (1),,,,locally (2),
cup (1),,,,usual (2),
weigh (1),,,,up (2),
compared (1),,,,tv (2),
vary (1),,,,directly (2),
seem (1),,,,road (2),
decrease (1),,,,attempt (2),
harder (1),,,,social (2),
fix (1),,,,missed (2),
difficulty (1),,,,backup (2),
quality (1),,,,thankfully (2),
depots (1),,,,fair (2),
random (1),,,,hit (2),
branding (1),,,,allowed (2),
baking (1),,,,variable (2),
worrying (1),,,,push (2),
van (1),,,,onion (2),
company (1),,,,consideration (2),
taxi (1),,,,lives (2),
staples (1),,,,charging (2),
asian (1),,,,complicated (2),
redelivered (1),,,,containers (2),
large (1),,,,pot (2),
cumbersome (1),,,,incident (2),
corner (1),,,,fluke (2),
heavy (1),,,,switched (2),
building (1),,,,becomes (2),
depending (1),,,,considered (2),
locally (1),,,,separate (2),
whitecross (1),,,,refills (2),
borough (1),,,,behave (2),
hackney (1),,,,predict (2),
towards (1),,,,reliable (2),
interacting (1),,,,elaborate (2),
moving (1),,,,machine (2),
humans (1),,,,target (2),
machines (1),,,,since (2),
rain (1),,,,driving (2),
omelettes (1),,,,killed (2),
hot (1),,,,silly (2),
scrambled (1),,,,kill (2),
boiling (1),,,,medicine (2),
peak (1),,,,heres (2),
growing (1),,,,underneath (2),
gym (1),,,,catches (2),
everybody (1),,,,oddly (2),
monthly (1),,,,reacted (2),
virgin (1),,,,fifth (2),
seriously (1),,,,sixth (2),
drink (1),,,,liking (2),
companies (1),,,,shipped (2),
wasting (1),,,,travelled (2),
smelling (1),,,,distance (2),
touching (1),,,,source (2),
weekends (1),,,,considerations (2),
cake (1),,,,early (2),
changing (1),,,,unusual (2),
youokay (1),,,,remote (2),
aisle (1),,,,avoid (2),
walked (1),,,,entirely (2),
vision (1),,,,tended (2),
minimum (1),,,,glance (2),
spent (1),,,,anywhere (2),
recommendations (1),,,,prefer (2),
hello (1),,,,messed (2),
selection (1),,,,depots (2),
expire (1),,,,hoping (2),
bake (1),,,,updating (2),
courgette (1),,,,at (2),
heres (1),,,,listed (2),
cheese (1),,,,straightaway (2),
foods (1),,,,ball (2),
adventurous (1),,,,van (2),
wide (1),,,,signed (2),
effort (1),,,,mostly (2),
enjoyed (1),,,,password (2),
portions (1),,,,about (2),
beers (1),,,,readjusting (2),
unhealthy (1),,,,walk (2),
analyse (1),,,,car (2),
data (1),,,,spend (2),
benefit (1),,,,logical (2),
single (1),,,,covered (2),
trends (1),,,,convince (2),
pretty (1),,,,swap (2),
ideally (1),,,,barley (2),
given (1),,,,element (2),
persons (1),,,,angry (2),
ditch (1),,,,my (2),
read (1),,,,introduced (2),
bananas (1),,,,phones (2),
cheap (1),,,,scary (2),
leftovers (1),,,,behaviour (2),
starting (1),,,,thatd (2),
soft (1),,,,from (2),
adapted (1),,,,monitored (2),
degrees (1),,,,practical (2),
limitation (1),,,,massive (2),
deal (1),,,,afternoon (2),
frozen (1),,,,reorders (2),
centigrade (1),,,,speaking (2),
minus (1),,,,dinner (2),
cope (1),,,,nobody (2),
paranoia (1),,,,sick (2),
generally (1),,,,settings (2),
brother (1),,,,step (2),
others (1),,,,terrible (2),
interest (1),,,,assumed (2),
beforedid (1),,,,tortilla (2),
sommhmm (1),,,,eyes (2),
packing (1),,,,despite (2),
original (1),,,,traumatised (2),
stack (1),,,,receiving (2),
load (1),,,,process (2),
monitoring (1),,,,whos (2),
checking (1),,,,repetitive (2),
chinese (1),,,,gaviscon (2),
supermarketso (1),,,,measuring (2),
specialised (1),,,,bank (2),
cakes (1),,,,difficult (2),
fry (1),,,,choices (2),
interact (1),,,,super (2),
itll (1),,,,section (2),
andbutter (1),,,,buttons (2),
looks (1),,,,lemon (2),
glutenfree (1),,,,nadia (2),
hang (1),,,,joan (2),
slurpies (1),,,,counter (2),
youso (1),,,,reflective (2),
shows (1),,,,grab (2),
types (1),,,,briefly (2),
treat (1),,,,iot (2),
status (1),,,,changes (2),
thatpossibly (1),,,,empty (2),
melt (1),,,,frequently (2),
balanced (1),,,,stops (2),
nutritionally (1),,,,benefit (2),
ketchup (1),,,,potential (2),
tomato (1),,,,quicker (2),
sugar (1),,,,power (2),
isthats (1),,,,fell (2),
unplugged (1),,,,recording (2),
cleaner (1),,,,randomly (2),
north (1),,,,tonight (2),
breadcrumbs (1),,,,opinion (2),
distance (1),,,,relying (2),
slow (1),,,,eight (2),
properties (1),,,,overload (2),
buyon (1),,,,addition (2),
taking (1),,,,clicked (2),
seamless (1),,,,theoh (2),
mixed (1),,,,glanced (2),
purchases (1),,,,laptop (2),
rarely (1),,,,thered (2),
fishmonger (1),,,,oryes (2),
gails (1),,,,substituted (2),
finally (1),,,,giraffe (2),
anyways (1),,,,decision (2),
highvalue (1),,,,messaging (2),
settled (1),,,,leaked (2),
item (1),,,,investigate (2),
breakfasts (1),,,,here (2),
concerned (1),,,,salt (2),
imagined (1),,,,seconds (2),
hall (1),,,,average (2),
grocers (1),,,,fast (2),
spencers (1),,,,large (2),
marks (1),,,,fill (2),
independent (1),,,,engaged (2),
careful (1),,,,confirming (2),
frustrate (1),,,,guaranteed (2),
adopt (1),,,,timesheets (2),
likely (1),,,,analysing (2),
adopters (1),,,,disabling (2),
technologys (1),,,,closer (2),
broad (1),,,,inside (2),
ivlike (1),,,,outside (2),
sustainable (1),,,,analyse (2),
reducing (1),,,,rfid (2),
spain (1),,,,cheap (2),
apples (1),,,,streamlined (2),
appetite (1),,,,c (2),
pregnancy (1),,,,reduce (2),
decreasing (1),,,,url (2),
stage (1),,,,perfect (2),
stew (1),,,,nicely (2),
jon (1),,,,oclock (2),
quickly (1),,,,dano (2),
costco (1),,,,of (2),
makro (1),,,,break (2),
supply (1),,,,mindset (2),
yoghurt (1),,,,included (2),
partner (1),,,,remotely (2),
cater (1),,,,sat (2),
carry (1),,,,highest (2),
instance (1),,,,individual (2),
uni (1),,,,registered (2),
cafeteria (1),,,,reached (2),
buys (1),,,,happening (2),
suggest (1),,,,ignore (2),
sweetcorn (1),,,,critical (2),
nobody (1),,,,feature (2),
spoilt (1),,,,noticing (2),
reduce (1),,,,leaving (2),
,,,,detail (2),
,,,,explaining (2),
,,,,track (2),
,,,,reduced (2),
,,,,reducing (2),
,,,,neat (2),
,,,,comparison (2),
,,,,struggling (2),
,,,,deal (2),
,,,,original (2),
,,,,testing (2),
,,,,wife (2),
,,,,brain (2),
,,,,besides (2),
,,,,roast (2),
,,,,key (2),
,,,,stay (2),
,,,,comfort (2),
,,,,research (2),
,,,,glitching (2),
,,,,pages (2),
,,,,hungry (2),
,,,,dr (2),
,,,,gosh (2),
,,,,prepledge (2),
,,,,coding (2),
,,,,play (2),
,,,,very (2),
,,,,meet (2),
,,,,mate (2),
,,,,groceries (2),
,,,,tired (2),
,,,,purchasing (2),
,,,,boyfriend (2),
,,,,opinions (2),
,,,,lego (2),
,,,,black (2),
,,,,loved (2),
,,,,coop (2),
,,,,ribena (2),
,,,,cat (2),
,,,,thoughts (2),
,,,,year (2),
,,,,dad (2),
,,,,bored (2),
,,,,shed (2),
,,,,monday (2),
,,,,auto (2),
,,,,sciatica (2),
,,,,have (2),
,,,,meantime (2),
,,,,confirm (2),
,,,,needing (2),
,,,,somewhat (2),
,,,,possible (2),
,,,,considering (2),
,,,,analysed (2),
,,,,neighbourhood (2),
,,,,tested (2),
,,,,batteries (2),
,,,,ivso (2),
,,,,nervous (2),
,,,,ivokay (2),
,,,,smooth (2),
,,,,mistake (2),
,,,,carlas (2),
,,,,equally (2),
,,,,basket (2),
,,,,fiddling (2),
,,,,experiment (2),
,,,,kilo (2),
,,,,vegetable (2),
,,,,pregnant (2),
,,,,popping (2),
,,,,tab (2),
,,,,human (2),
,,,,forums (2),
,,,,visible (2),
,,,,sweetcorn (2),
,,,,decreased (2),
,,,,replenished (1),
,,,,depending (1),
,,,,perishable (1),
,,,,wherever (1),
,,,,neighbours (1),
,,,,ecofriendly (1),
,,,,guilty (1),
,,,,tin (1),
,,,,server (1),
,,,,communicating (1),
,,,,except (1),
,,,,paris (1),
,,,,overseas (1),
,,,,contact (1),
,,,,whichever (1),
,,,,building (1),
,,,,criticisms (1),
,,,,costwise (1),
,,,,tiny (1),
,,,,ineffective (1),
,,,,conclusive (1),
,,,,bridge (1),
,,,,envisage (1),
,,,,chillies (1),
,,,,avocados (1),
,,,,pop (1),
,,,,repeated (1),
,,,,recipes (1),
,,,,whip (1),
,,,,vegetarian (1),
,,,,fussy (1),
,,,,cheddar (1),
,,,,serve (1),
,,,,spinach (1),
,,,,market (1),
,,,,commit (1),
,,,,complain (1),
,,,,hasslefree (1),
,,,,men (1),
,,,,woman (1),
,,,,organics (1),
,,,,lottery (1),
,,,,allergy (1),
,,,,alternative (1),
,,,,er (1),
,,,,bombarded (1),
,,,,loads (1),
,,,,savings (1),
,,,,differently (1),
,,,,snooze (1),
,,,,designer (1),
,,,,graphic (1),
,,,,wording (1),
,,,,joke (1),
,,,,animation (1),
,,,,pun (1),
,,,,digital (1),
,,,,evolve (1),
,,,,project (1),
,,,,area (1),
,,,,preferable (1),
,,,,drag (1),
,,,,scream (1),
,,,,fuss (1),
,,,,kinder (1),
,,,,crying (1),
,,,,advance (1),
,,,,handy (1),
,,,,cover (1),
,,,,superfluous (1),
,,,,processed (1),
,,,,ending (1),
,,,,acknowledged (1),
,,,,preautomated (1),
,,,,word (1),
,,,,sustain (1),
,,,,however (1),
,,,,greet (1),
,,,,maintain (1),
,,,,unhealthy (1),
,,,,management (1),
,,,,solve (1),
,,,,bloody (1),
,,,,loaves (1),
,,,,falling (1),
,,,,texted (1),
,,,,rearrange (1),
,,,,finishing (1),
,,,,previous (1),
,,,,balancing (1),
,,,,couriered (1),
,,,,sometimesdid (1),
,,,,carry (1),
,,,,appropriate (1),
,,,,via (1),
,,,,camera (1),
,,,,stacking (1),
,,,,produceunclear (1),
,,,,visualises (1),
,,,,scalable (1),
,,,,industry (1),
,,,,selfordering (1),
,,,,compartments (1),
,,,,systematically (1),
,,,,perception (1),
,,,,d (1),
,,,,holowlens (1),
,,,,state (1),
,,,,achieve (1),
,,,,piled (1),
,,,,angle (1),
,,,,aunclear (1),
,,,,removing (1),
,,,,musing (1),
,,,,lowered (1),
,,,,apple (1),
,,,,nectarine (1),
,,,,barcoding (1),
,,,,adjusted (1),
,,,,fancy (1),
,,,,worryonce (1),
,,,,youveyes (1),
,,,,dumb (1),
,,,,banana (1),
,,,,conception (1),
,,,,bare (1),
,,,,cared (1),
,,,,deliveroo (1),
,,,,butyes (1),
,,,,grabbing (1),
,,,,till (1),
,,,,chuck (1),
,,,,okaywell (1),
,,,,beforeive (1),
,,,,thereokay (1),
,,,,computers (1),
,,,,mistakes (1),
,,,,flag (1),
,,,,anomaly (1),
,,,,longerterm (1),
,,,,attractive (1),
,,,,safe (1),
,,,,light (1),
,,,,include (1),
,,,,factored (1),
,,,,wholemeal (1),
,,,,knowoh (1),
,,,,breads (1),
,,,,motorbike (1),
,,,,oftheres (1),
,,,,waited (1),
,,,,aboutthere (1),
,,,,justthere (1),
,,,,breakfasts (1),
,,,,rare (1),
,,,,bits (1),
,,,,pieces (1),
,,,,slotted (1),
,,,,oddity (1),
,,,,appeared (1),
,,,,fashion (1),
,,,,issued (1),
,,,,earth (1),
,,,,knocks (1),
,,,,concerns (1),
,,,,dhl (1),
,,,,horrors (1),
,,,,alison (1),
,,,,pass (1),
,,,,offence (1),
,,,,updated (1),
,,,,abruptly (1),
,,,,bummer (1),
,,,,canola (1),
,,,,virgin (1),
,,,,ecothing (1),
,,,,travel (1),
,,,,threw (1),
,,,,window (1),
,,,,disturb (1),
,,,,interacting (1),
,,,,others (1),
,,,,schedules (1),
,,,,anybody (1),
,,,,fantastic (1),
,,,,unobtrusive (1),
,,,,cooks (1),
,,,,bizarrely (1),
,,,,etc (1),
,,,,irritated (1),
,,,,rose (1),
,,,,daddy (1),
,,,,doubly (1),
,,,,describe (1),
,,,,refuels (1),
,,,,sensors (1),
,,,,router (1),
,,,,thresholds (1),
,,,,feels (1),
,,,,value (1),
,,,,snack (1),
,,,,snacks (1),
,,,,appreciate (1),
,,,,selection (1),
,,,,cashew (1),
,,,,girl (1),
,,,,pine (1),
,,,,boy (1),
,,,,prices (1),
,,,,includes (1),
,,,,package (1),
,,,,confident (1),
,,,,boom (1),
,,,,tick (1),
,,,,fellow (1),
,,,,alone (1),
,,,,suffering (1),
,,,,article (1),
,,,,warehouses (1),
,,,,bathroom (1),
,,,,shipping (1),
,,,,packers (1),
,,,,slaves (1),
,,,,imply (1),
,,,,background (1),
,,,,scooter (1),
,,,,raining (1),
,,,,drenched (1),
,,,,london (1),
,,,,had (1),
,,,,cyprus (1),
,,,,olive (1),
,,,,stupid (1),
,,,,drops (1),
,,,,knock (1),
,,,,ivbecause (1),
,,,,strange (1),
,,,,faults (1),
,,,,behaving (1),
,,,,perhaps (1),
,,,,wondered (1),
,,,,glitches (1),
,,,,cup (1),
,,,,vary (1),
,,,,shown (1),
,,,,delayed (1),
,,,,faff (1),
,,,,energy (1),
,,,,electric (1),
,,,,bottom (1),
,,,,controlling (1),
,,,,nature (1),
,,,,nutty (1),
,,,,lovely (1),
,,,,scheduled (1),
,,,,guidance (1),
,,,,concerned (1),
,,,,queried (1),
,,,,regard (1),
,,,,genuine (1),
,,,,connected (1),
,,,,levels (1),
,,,,difficulty (1),
,,,,branding (1),
,,,,branded (1),
,,,,prompt (1),
,,,,discussing (1),
,,,,baking (1),
,,,,soup (1),
,,,,worrying (1),
,,,,exists (1),
,,,,range (1),
,,,,everywhere (1),
,,,,fiddle (1),
,,,,interfering (1),
,,,,wearing (1),
,,,,uber (1),
,,,,shitty (1),
,,,,aoh (1),
,,,,pointed (1),
,,,,simulate (1),
,,,,shapes (1),
,,,,wereim (1),
,,,,buthave (1),
,,,,reckless (1),
,,,,abandon (1),
,,,,blahblahblah (1),
,,,,eagle (1),
,,,,eye (1),
,,,,overtalkingafter (1),
,,,,nightmare (1),
,,,,argument (1),
,,,,noodles (1),
,,,,opposite (1),
,,,,fan (1),
,,,,impact (1),
,,,,customise (1),
,,,,environmental (1),
,,,,avocadoes (1),
,,,,useless (1),
,,,,practices (1),
,,,,wasnot (1),
,,,,bellys (1),
,,,,tummy (1),
,,,,gym (1),
,,,,girls (1),
,,,,overthetop (1),
,,,,university (1),
,,,,mobile (1),
,,,,invasion (1),
,,,,selfwashing (1),
,,,,rid (1),
,,,,sleeping (1),
,,,,slugs (1),
,,,,disgusting (1),
,,,,granny (1),
,,,,wheelchair (1),
,,,,stairs (1),
,,,,surely (1),
,,,,annoy (1),
,,,,ablebodied (1),
,,,,network (1),
,,,,loss (1),
,,,,doesntso (1),
,,,,blah (1),
,,,,typical (1),
,,,,procedure (1),
,,,,has (1),
,,,,points (1),
,,,,foreseeing (1),
,,,,annoyance (1),
,,,,whatsapp (1),
,,,,nhs (1),
,,,,serious (1),
,,,,portugal (1),
,,,,portuguese (1),
,,,,delicious (1),
,,,,strawberries (1),
,,,,charged (1),
,,,,anyone (1),
,,,,does (1),
,,,,he (1),
,,,,artificial (1),
,,,,penalised (1),
,,,,comfortable (1),
,,,,omelettes (1),
,,,,timebecause (1),
,,,,psychological (1),
,,,,aspect (1),
,,,,once (1),
,,,,pan (1),
,,,,pans (1),
,,,,eyesight (1),
,,,,comments (1),
,,,,glad (1),
,,,,flowed (1),
,,,,influence (1),
,,,,alcohol (1),
,,,,redelivery (1),
,,,,are (1),
,,,,more (1),
,,,,aspects (1),
,,,,convenience (1),
,,,,helps (1),
,,,,hinders (1),
,,,,holidays (1),
,,,,clever (1),
,,,,man (1),
,,,,face (1),
,,,,brandless (1),
,,,,everyone (1),
,,,,delivers (1),
,,,,truck (1),
,,,,hung (1),
,,,,forever (1),
,,,,bus (1),
,,,,backpack (1),
,,,,lifestyle (1),
,,,,school (1),
,,,,bottled (1),
,,,,tanks (1),
,,,,any (1),
,,,,intention (1),
,,,,formed (1),
,,,,habit (1),
,,,,anyhow (1),
,,,,heartburn (1),
,,,,capturing (1),
,,,,patterns (1),
,,,,understands (1),
,,,,playfulness (1),
,,,,umbrella (1),
,,,,replying (1),
,,,,rain (1),
,,,,monzo (1),
,,,,dry (1),
,,,,banks (1),
,,,,split (1),
,,,,cards (1),
,,,,queue (1),
,,,,golden (1),
,,,,licence (1),
,,,,hundred (1),
,,,,facebook (1),
,,,,annoyed (1),
,,,,christmas (1),
,,,,turkey (1),
,,,,companies (1),
,,,,died (1),
,,,,promise (1),
,,,,quantityish (1),
,,,,mould (1),
,,,,peel (1),
,,,,efficient (1),
,,,,justyes (1),
,,,,fromwell (1),
,,,,plugged (1),
,,,,undone (1),
,,,,hoovering (1),
,,,,plug (1),
,,,,wish (1),
,,,,record (1),
,,,,session (1),
,,,,justthats (1),
,,,,apologies (1),
,,,,desk (1),
,,,,wethere (1),
,,,,thenand (1),
,,,,butno (1),
,,,,bitter (1),
,,,,thatsame (1),
,,,,fewer (1),
,,,,tangerines (1),
,,,,recycling (1),
,,,,saving (1),
,,,,magic (1),
,,,,picky (1),
,,,,soyou (1),
,,,,improved (1),
,,,,photograph (1),
,,,,giant (1),
,,,,meaning (1),
,,,,variety (1),
,,,,kilogram (1),
,,,,apples (1),
,,,,spice (1),
,,,,reliance (1),
,,,,juicy (1),
,,,,words (1),
,,,,reliability (1),
,,,,intelligent (1),
,,,,interviewed (1),
,,,,lemons (1),
,,,,dear (1),
,,,,tasks (1),
,,,,sinks (1),
,,,,foot (1),
,,,,copes (1),
,,,,uptake (1),
,,,,overloaded (1),
,,,,integrates (1),
,,,,careful (1),
,,,,health (1),
,,,,sentences (1),
,,,,bythey (1),
,,,,prevent (1),
,,,,menu (1),
,,,,anymoreyes (1),
,,,,triggeryes (1),
,,,,code (1),
,,,,comparing (1),
,,,,prototyped (1),
,,,,andoh (1),
,,,,milkman (1),
,,,,paradox (1),
,,,,sayyes (1),
,,,,dieting (1),
,,,,common (1),
,,,,dream (1),
,,,,leaves (1),
,,,,asks (1),
,,,,substitute (1),
,,,,swipe (1),
,,,,notified (1),
,,,,intervene (1),
,,,,goodlike (1),
,,,,including (1),
,,,,fee (1),
,,,,thingi (1),
,,,,odd (1),
,,,,replacing (1),
,,,,opportunity (1),
,,,,implicit (1),
,,,,boring (1),
,,,,impossible (1),
,,,,leaks (1),
,,,,wiki (1),
,,,,exposed (1),
,,,,expiry (1),
,,,,reminded (1),
,,,,mail (1),
,,,,royal (1),
,,,,reliably (1),
,,,,feasible (1),
,,,,associate (1),
,,,,pain (1),
,,,,leaflet (1),
,,,,housemates (1),
,,,,sopresumably (1),
,,,,focus (1),
,,,,shows (1),
,,,,compressing (1),
,,,,missing (1),
,,,,strength (1),
,,,,signal (1),
,,,,wasyes (1),
,,,,should (1),
,,,,phase (1),
,,,,adjustment (1),
,,,,teething (1),
,,,,increaseoh (1),
,,,,trends (1),
,,,,baseline (1),
,,,,substitutes (1),
,,,,same (1),
,,,,write (1),
,,,,ino (1),
,,,,falls (1),
,,,,smoothie (1),
,,,,spying (1),
,,,,askedyou (1),
,,,,fivesix (1),
,,,,vaguely (1),
,,,,originally (1),
,,,,clutter (1),
,,,,met (1),
,,,,lessand (1),
,,,,constant (1),
,,,,understood (1),
,,,,keen (1),
,,,,holding (1),
,,,,beers (1),
,,,,placedi (1),
,,,,saidyes (1),
,,,,saver (1),
,,,,video (1),
,,,,smarter (1),
,,,,unpractical (1),
,,,,finger (1),
,,,,pulse (1),
,,,,wherein (1),
,,,,speed (1),
,,,,drive (1),
,,,,dangers (1),
,,,,signs (1),
,,,,layout (1),
,,,,sliders (1),
,,,,nginx (1),
,,,,myyes (1),
,,,,packed (1),
,,,,shakes (1),
,,,,boozing (1),
,,,,sports (1),
,,,,collected (1),
,,,,cameras (1),
,,,,appropriated (1),
,,,,maybeyou (1),
,,,,systemi (1),
,,,,likes (1),
,,,,chucked (1),
,,,,thinkwell (1),
,,,,clarification (1),
,,,,freezing (1),
,,,,remains (1),
,,,,bleak (1),
,,,,awesome (1),
,,,,seeyes (1),
,,,,finishedwell (1),
,,,,recent (1),
,,,,memories (1),
,,,,yesand (1),
,,,,ofpsh (1),
,,,,messageand (1),
,,,,pshdelete (1),
,,,,psh (1),
,,,,brings (1),
,,,,soundsand (1),
,,,,thisthat (1),
,,,,assume (1),
,,,,biscuitsoh (1),
,,,,nut (1),
,,,,sobut (1),
,,,,indicative (1),
,,,,stick (1),
,,,,played (1),
,,,,sensitive (1),
,,,,sayingwe (1),
,,,,during (1),
,,,,onmmhmm (1),
,,,,acton (1),
,,,,roll (1),
,,,,loo (1),
,,,,groupbuy (1),
,,,,group (1),
,,,,clock (1),
,,,,bedtime (1),
,,,,pardon (1),
,,,,foryes (1),
,,,,disruptive (1),
,,,,lid (1),
,,,,wobbled (1),
,,,,overtalkingits (1),
,,,,fly (1),
,,,,disruptions (1),
,,,,frame (1),
,,,,detect (1),
,,,,scan (1),
,,,,weighs (1),
,,,,sandwiches (1),
,,,,ofif (1),
,,,,repackaged (1),
,,,,unpackaged (1),
,,,,roomy (1),
,,,,saggy (1),
,,,,squashed (1),
,,,,row (1),
,,,,ofmmhmm (1),
,,,,centre (1),
,,,,occur (1),
,,,,hadwere (1),
,,,,paranoid (1),
,,,,brother (1),
,,,,dontwhen (1),
,,,,andrew (1),
,,,,practicalities (1),
,,,,andrews (1),
,,,,techy (1),
,,,,throughout (1),
,,,,screen (1),
,,,,interest (1),
,,,,understandable (1),
,,,,soit (1),
,,,,broke (1),
,,,,sensor (1),
,,,,thatif (1),
,,,,thenno (1),
,,,,natural (1),
,,,,turning (1),
,,,,remained (1),
,,,,ouch (1),
,,,,overall (1),
,,,,supermarkets (1),
,,,,stocked (1),
,,,,stacked (1),
,,,,ivthat (1),
,,,,registering (1),
,,,,update (1),
,,,,manage (1),
,,,,matching (1),
,,,,match (1),
,,,,kicked (1),
,,,,preppers (1),
,,,,correct (1),
,,,,bar (1),
,,,,dissatisfied (1),
,,,,outsource (1),
,,,,checkers (1),
,,,,location (1),
,,,,climber (1),
,,,,climbing (1),
,,,,failed (1),
,,,,dig (1),
,,,,despatched (1),
,,,,language (1),
,,,,tapped (1),
,,,,legit (1),
,,,,address (1),
,,,,pri (1),
,,,,premium (1),
,,,,representation (1),
,,,,seventy (1),
,,,,sixty (1),
,,,,slice (1),
,,,,offer (1),
,,,,aside (1),
,,,,design (1),
,,,,awry (1),
,,,,function (1),
,,,,recalibrate (1),
,,,,optimising (1),
,,,,tearing (1),
,,,,incorporate (1),
,,,,tear (1),
,,,,surface (1),
,,,,expands (1),
,,,,grouped (1),
,,,,initiating (1),
,,,,compare (1),
,,,,additional (1),
,,,,calories (1),
,,,,mentioning (1),
,,,,advertising (1),
,,,,minds (1),
,,,,primary (1),
,,,,sold (1),
,,,,ads (1),
,,,,skip (1),
,,,,chocolate (1),
,,,,virtual (1),
,,,,urgently (1),
,,,,saturdays (1),
,,,,normality (1),
,,,,became (1),
,,,,frequent (1),
,,,,ivit (1),
,,,,rating (1),
,,,,starts (1),
,,,,stayed (1),
,,,,peaks (1),
,,,,lay (1),
,,,,touched (1),
,,,,thirty (1),
,,,,visualisation (1),
,,,,lean (1),
,,,,leaning (1),
,,,,experimenting (1),
,,,,robust (1),
,,,,kit (1),
,,,,delicate (1),
,,,,mess (1),
,,,,wrote (1),
,,,,dump (1),
,,,,spontaneously (1),
,,,,butwas (1),
,,,,tastes (1),
,,,,logging (1),
,,,,prelogged (1),
,,,,maintenance (1),
,,,,thinkthats (1),
,,,,spontaneous (1),
,,,,visiting (1),
,,,,nowadays (1),
,,,,safari (1),
,,,,rate (1),
,,,,toothpicks (1),
,,,,room (1),
,,,,slight (1),
,,,,suggesting (1),
,,,,studies (1),
,,,,skimmed (1),
,,,,scanned (1),
,,,,instances (1),
,,,,caught (1),
,,,,guard (1),
,,,,ranking (1),
,,,,mattered (1),
,,,,rankings (1),
,,,,wad (1),
,,,,comical (1),
,,,,approaches (1),
,,,,persons (1),
,,,,fragile (1),
,,,,calls (1),
,,,,drunk (1),
,,,,drank (1),
,,,,sounded (1),
,,,,expired (1),
,,,,troubleshoot (1),
,,,,meat (1),
,,,,miles (1),
,,,,nudging (1),
,,,,audience (1),
,,,,tone (1),
,,,,extent (1),
,,,,lbs (1),
,,,,uncertain (1),
,,,,rethink (1),
,,,,letting (1),
,,,,hands (1),
,,,,stone (1),
,,,,sticking (1),
,,,,counterspace (1),
,,,,claimed (1),
,,,,hide (1),
,,,,wooden (1),
,,,,cable (1),
,,,,tape (1),
,,,,playing (1),
,,,,restaurants (1),
,,,,ton (1),
,,,,goal (1),
,,,,encourage (1),
,,,,listen (1),
,,,,ooh (1),
,,,,ecoey (1),
,,,,terribly (1),
,,,,sexy (1),
,,,,teabags (1),
,,,,switch (1),
,,,,breaks (1),
,,,,andlike (1),
,,,,theoretical (1),
,,,,pm (1),
,,,,capacity (1),
,,,,experiences (1),
,,,,flexibility (1),
,,,,attached (1),
,,,,noninvasive (1),
,,,,shot (1),
,,,,flu (1),
,,,,rationalities (1),
,,,,multiple (1),
,,,,paper (1),
,,,,towels (1),
,,,,review (1),
,,,,whispering (1),
,,,,worse (1),
,,,,desperate (1),
,,,,total (1),
,,,,speculate (1),
,,,,havethats (1),
,,,,ready (1),
,,,,style (1),
,,,,reviewing (1),
,,,,lettuce (1),
,,,,expiration (1),
,,,,gently (1),
,,,,bumble (1),
,,,,critique (1),
,,,,uni (1),
,,,,femalefirst (1),
,,,,male (1),
,,,,unidentified (1),
,,,,malethank (1),
,,,,speaker (1),
,,,,soim (1),
,,,,doubt (1),
,,,,reservation (1),
,,,,guessing (1),
,,,,levelof (1),
,,,,valued (1),
,,,,triaged (1),
,,,,arriving (1),
,,,,therebecause (1),
,,,,initial (1),
,,,,unbothered (1),
,,,,thingstrength (1),
,,,,allergic (1),
,,,,keyboard (1),
,,,,incredibly (1),
,,,,artisanalprobably (1),
,,,,attritional (1),
,,,,alsoi (1),
,,,,compromise (1),
,,,,reporting (1),
,,,,reallylike (1),
,,,,negative (1),
,,,,none (1),
,,,,judging (1),
,,,,nutritionally (1),
,,,,balancedso (1),
,,,,disliked (1),
,,,,bake (1),
,,,,daniel (1),
,,,,permanently (1),
,,,,input (1),
,,,,parameters (1),
,,,,suspect (1),
,,,,version (1),
,,,,taxi (1),
,,,,shell (1),
,,,,thinks (1),
,,,,grew (1),
,,,,war (1),
,,,,weathers (1),
,,,,hurt (1),
,,,,resources (1),
,,,,shropshire (1),
,,,,fix (1),
,,,,portal (1),
,,,,users (1),
,,,,device (1),
,,,,lose (1),
,,,,struggled (1),
,,,,hasnt (1),
,,,,cleared (1),
,,,,pull (1),
,,,,cupboards (1),
,,,,nan (1),
,,,,relationship (1),
,,,,apply (1),
,,,,medicines (1),
,,,,pills (1),
,,,,count (1),
,,,,monitor (1),
,,,,separately (1),
,,,,fitbit (1),
,,,,questionnaire (1),
,,,,respond (1),
,,,,minuteno (1),
,,,,ofat (1),
,,,,loose (1),
,,,,kitty (1),
,,,,coworker (1),
,,,,notion (1),
,,,,team (1),
,,,,american (1),
,,,,written (1),
,,,,rules (1),
,,,,sorryyou (1),
,,,,unplug (1),
,,,,unplugs (1),
,,,,challenge (1),
,,,,cleaner (1),
,,,,mm (1),
,,,,theythats (1),
,,,,typically (1),
,,,,limit (1),
,,,,consecutive (1),
,,,,reported (1),
,,,,son (1),
,,,,dobeforeif (1),
,,,,throws (1),
,,,,messy (1),
,,,,recognise (1),
,,,,suffered (1),
,,,,nerve (1),
,,,,poor (1),
,,,,self (1),
,,,,container (1),
,,,,preserves (1),
,,,,figured (1),
,,,,hidden (1),
,,,,discussed (1),
,,,,default (1),
,,,,simply (1),
,,,,simple (1),
,,,,third (1),
,,,,property (1),
,,,,rank (1),
,,,,predictable (1),
,,,,yoghurt (1),
,,,,outcome (1),
,,,,scratch (1),
,,,,firsttime (1),
,,,,managing (1),
,,,,assuming (1),
,,,,confidence (1),
,,,,reads (1),
,,,,simpler (1),
,,,,puts (1),
,,,,until (1),
,,,,bottle (1),
,,,,anyways (1),
,,,,periods (1),
,,,,conclusion (1),
,,,,interface (1),
,,,,letter (1),
,,,,added (1),
,,,,rounding (1),
,,,,doing (1),
,,,,familiar (1),
,,,,jam (1),
,,,,sea (1),
,,,,deliverable (1),
,,,,december (1),
,,,,abroad (1),
,,,,sms (1),
,,,,screenshot (1),
,,,,spelling (1),
,,,,superb (1),
,,,,pressure (1),
,,,,nearly (1),
,,,,cookie (1),
,,,,viable (1),
,,,,whoever (1),
,,,,dispatching (1),
,,,,communications (1),
,,,,names (1),
,,,,matched (1),
,,,,planning (1),
,,,,peoples (1),
,,,,listening (1),
,,,,access (1),
,,,,mob (1),
,,,,abusive (1),
,,,,fish (1),
,,,,opposed (1),
,,,,strong (1),
,,,,aboutyes (1),
,,,,likewhat (1),
,,,,lifted (1),
,,,,uneven (1),
,,,,floors (1),
,,,,followup (1),
,,,,theyes (1),
,,,,batterys (1),
,,,,bound (1),
,,,,dontivokay (1),
,,,,predominantly (1),
,,,,aboutivokay (1),
,,,,knocked (1),
,,,,accurately (1),
,,,,theand (1),
,,,,likeivwell (1),
,,,,threshold (1),
,,,,itthere (1),
,,,,other (1),
,,,,irony (1),
,,,,drives (1),
,,,,maini (1),
,,,,ivdid (1),
,,,,mad (1),
,,,,chase (1),
,,,,timeframe (1),
,,,,soivbecause (1),
,,,,commented (1),
,,,,allocated (1),
,,,,ivactually (1),
,,,,beingi (1),
,,,,carla (1),
,,,,behalf (1),
,,,,soivi (1),
,,,,othersno (1),
,,,,commercial (1),
,,,,goodness (1),
,,,,eaten (1),
,,,,activity (1),
,,,,naturally (1),
,,,,thrifty (1),
,,,,test (1),
,,,,spirit (1),
,,,,accepting (1),
,,,,plenty (1),
,,,,ridiculous (1),
,,,,ithow (1),
,,,,current (1),
,,,,situations (1),
,,,,willing (1),
,,,,certainly (1),
,,,,british (1),
,,,,origin (1),
,,,,country (1),
,,,,rebecca (1),
,,,,anthony (1),
,,,,interestingly (1),
,,,,observation (1),
,,,,comment (1),
,,,,passing (1),
,,,,necessary (1),
,,,,populated (1),
,,,,currently (1),
,,,,chucking (1),
,,,,clicking (1),
,,,,butin (1),
,,,,rush (1),
,,,,workable (1),
,,,,technological (1),
,,,,broadband (1),
,,,,showingno (1),
,,,,ofno (1),
,,,,wasi (1),
,,,,jump (1),
,,,,decrease (1),
,,,,warmer (1),
,,,,jake (1),
,,,,whenyes (1),
,,,,pending (1),
,,,,confirmations (1),
,,,,soi (1),
,,,,acknowledgement (1),
,,,,scrolled (1),
,,,,colleague (1),
,,,,genuinely (1),
,,,,explore (1),
,,,,thenthen (1),
,,,,thicker (1),
,,,,mixture (1),
,,,,penne (1),
,,,,decreasingyes (1),
,,,,eats (1),
,,,,smaller (1),
,,,,portions (1),
,,,,explanation (1),
,,,,decide (1),
,,,,proactive (1),
,,,,bitbe (1),
,,,,unconscious (1),
,,,,interact (1),
,,,,scroll (1),
,,,,flash (1),
,,,,suggested (1),
,,,,refused (1),
,,,,wasntyes (1),
,,,,costs (1),
,,,,reasonable (1),
,,,,truth (1),
,,,,thebecause (1),
,,,,interfered (1),
,,,,didbut (1),
,,,,moreaware (1),
,,,,deducting (1),
,,,,thei (1),
,,,,struggle (1),
,,,,upset (1),
,,,,drinks (1),
,,,,costly (1),
,,,,frombefore (1),
,,,,before (1),
,,,,keeping (1),
,,,,tricky (1),
,,,,suggestions (1),
,,,,designing (1),
,,,,andbut (1),
,,,,recommendations (1),
,,,,challenging (1),
,,,,onehour (1),
,,,,successful (1),
,,,,feeding (1),
,,,,smoothly (1),
,,,,measure (1),
,,,,hearing (1),
,,,,whatevers (1),
,,,,greenwich (1),
,,,,carrying (1),
,,,,queueing (1),
,,,,se (1),
,,,,displayed (1),
,,,,tasty (1),
,,,,catch (1),
,,,,babys (1),
,,,,moms (1),
,,,,websites (1),
,,,,links (1),
,,,,vulnerable (1),
,,,,gullible (1),
,,,,than (1),
,,,,an (1),
,,,,interactivity (1),
,,,,static (1),
,,,,gp (1),
,,,,excited (1),
,,,,rectify (1),
,,,,addressed (1),
,,,,manufactured (1),
,,,,represents (1),
,,,,games (1),
,,,,chat (1),
,,,,station (1),
,,,,console (1),
,,,,sites (1),
,,,,create (1),
,,,,solution (1),
,,,,machines (1),
,,,,cycle (1),
,,,,mom (1),
,,,,refill (1),
,,,,having (1),
,,,,interfere (1),
,,,,explored (1),
,,,,increased (1),
,,,,search (1),
,,,,browsing (1),
,,,,throwing (1),
,,,,checkout (1),
,,,,studying (1),
,,,,occasion (1),
,,,,takeaways (1),
,,,,jon (1),
